guid,geo_latitude,geo_longitude,date_y_m_d,numeric_00,numeric_01
ACE777CC-316A-47E1-81BD-5004A0E9323F,-84.008458,-37.801127,1980-06-19,1180.88103643,20433.185077
021FF247-E2AC-479D-BFEA-1BD0C5019D47,-50.670691,15.390389,2021-08-30,1596573,25817.620665
02126F7A-C4BE-41C6-ADBD-9B814E67AE13,69.947316,117.27545,1978-07-09,10866851.85,324415932.01592
6AF2DC8B-6E5F-4E51-BE97-D9224982B682,-35.196181,63.890383,1999-06-02,4792544.472,19185406
1AF68973-A0AA-4D08-84D7-1618206DE7EA,5.512808,-133.388862,1992-08-21,825606.836392,71.3
E228A715-1A97-448C-9C36-915AC06E0611,-84.021563,-70.034164,1984-01-02,181.1,3
98989652-2982-4FCE-A70D-BC7E0D132733,26.406599,-158.716905,2000-02-28,336674495.5,264629.25285305
7A212D39-72CE-453B-ADFF-E1A424737DD5,23.752039,127.41048,1978-06-20,867.3883156,46725.28
70BD5318-1F74-45E8-A6D6-231676034A6E,-53.922449,-86.588319,1997-10-25,351678.862,26673.7953972
F83924D4-F8CA-4F15-957E-C7D71D1BEE2D,-14.076717,-127.598154,1977-01-25,268.39452,240070538
AA89000E-4250-47A7-BF97-7BD174CB9BB8,11.591298,156.671261,2010-09-03,0.957147,0.529899273
4E8E44E1-8987-424E-B403-AB68C14D0D7D,9.462987,38.152533,2022-07-27,6283455.0893681,7.0608094
9FC3FBC4-F943-4821-8F66-6BFC62BA25F0,87.856906,-147.306655,1991-10-03,1,3042762.5
FB672E25-31B5-485A-B77B-A3C21FCB134A,-39.457986,-95.971659,1983-06-08,56.82057192,19650.1
8F0D8B5F-1361-491F-B8B7-3FF8B370828A,35.814339,-9.321162,2007-02-01,32.1,163918.0482
426973BC-1CDF-41AC-841F-FC42195B1AD5,68.588983,112.956492,1974-02-20,4.726,8423.224748
EC888229-A9EA-4194-803F-54A6668A8817,-18.3179,-62.90644,2021-08-16,439591.7,794801.29
CE54C98D-0E0F-4E5E-B35A-197BD5A65E49,-24.470315,-83.399853,2018-08-24,137.56371449,333.01908
0AF36CD3-FA55-4E66-9C42-3A7241FF0346,73.970709,-24.801854,2010-07-16,317.74551,57916296.13985
17CFE384-F591-42C7-9E27-170BE4FADB7E,-15.423649,-177.934179,1998-04-20,639,896336958.1661
7B6D7A84-8701-42BF-9434-74640E91820F,5.79746,-131.726861,1983-10-17,16063018.568048,1.1
D5237B25-B5DB-47BB-BFDB-35022C66475F,-71.090589,152.503816,2016-10-14,0.7584852,148
E05DF3A8-2AE9-4314-8108-F140406AE821,65.495945,-50.838984,1974-12-20,1.7,249970594.02614
F76C841C-40C8-44D3-A1EB-F6A64D919353,7.927024,134.982353,1973-04-15,272284.3,20.2003563
D84CEAC3-78C0-45AD-B5D5-7205B62655D0,-73.008366,45.013609,2014-09-09,5563.77952,3861.643908
62147A79-1332-4E0A-AB96-EB2CC8946B4E,-20.594333,66.480846,2012-12-05,491.85908745,17.94584565
D46DB919-9DC5-4DA1-9723-9DC10B83A2A1,57.972714,78.417497,1986-10-11,23112952.83864,509764.72174664
512D31E0-9D47-4D59-80E0-16EA490A42EF,-68.807165,-111.184043,1994-03-06,4374702.89086,0.7629
97065C42-621B-4AC0-B6BF-F2995DF4A480,30.595688,-19.55106,2000-12-15,9.502731,31722.864569
90DD2C6D-56B7-4AF1-9345-139AC9AF20E8,10.403365,15.747808,2017-07-02,131038212.50238,6147442
052139AD-D85C-4FBF-A502-81F832F4E9E1,-43.33521,-135.661716,2018-11-22,1864136.47,985.9
2DFAC98E-4619-4B6E-9FBB-AC6DE136271B,-26.225337,58.88931,2020-08-14,14.85549975,511621527.6696
BE329CAF-5213-4FCC-A4D2-AD6601AE4A1D,-55.551362,-165.721826,1979-03-16,919501.5589357,9512.261839
E800902B-46F1-44CF-9C91-BAC66AC72109,-70.339545,18.95873,1982-09-16,27.71088,696682230.038
4800990C-A764-4246-9D0F-0E430D8499DE,51.410471,38.936379,1972-12-23,51.3538,1.195
1EE2D0A1-BC03-4928-A0BD-B94DFC77773F,-12.750152,-178.597613,1993-01-22,99.6559,0
5F9D2C0B-05C0-4D31-B444-E99C8E2B2AC8,-44.108705,164.1394,1972-02-29,486.521914,478031.26
739408E8-3398-4A54-BD84-D9BF45BB6412,-50.719371,-91.722874,1976-10-30,60.01,1.12
D8C025BE-3F31-4AE8-91D5-F3D984FACB3E,19.996167,-156.174037,2013-06-09,113066.3,211.6655
074C4495-1238-4D54-BE60-B2036C77FE8F,-4.316147,-61.481567,1974-03-13,289.81980262,102115277.86
690DE538-C403-42E8-B390-291B17A5A93C,-22.956885,83.453606,1991-06-05,332201203.34,76190507.1339
B40C84D5-BE1F-4373-BFAE-E47C6D0239A6,-64.453937,-52.253024,2000-11-18,6365359.63,572.120032726
A9B32360-560C-43EA-A3B6-5E126A962191,-84.430605,-151.137986,1991-09-16,5.001,148530.591
C3B970B3-FA3F-44FE-BB4F-DD4ED8C2E997,69.72455,-162.383166,2021-09-14,1,259334002.43272
A962DB47-721A-47D4-9CB0-44696AD54C67,-60.361704,-12.66415,1985-01-17,3.8578049,2.926966
D47D563C-84B9-45DB-A352-8E1DCFF24C9B,-18.45138,76.292108,2013-08-27,40.4605639,1133.93262
DBB944D3-1C57-499D-A91E-128643132364,-85.975704,-44.663001,2015-11-02,532948.35507865,640.73875334
AD84E6CC-BD88-44FA-A1D9-2D065E6A3B64,-42.208559,-44.60471,1974-02-18,0.8271,217628.01128006
50EF7938-0FAF-423C-BC8A-E4F54D52E1E2,-80.465707,-30.263038,1984-01-07,485595.44641,17807969.263374
CB052F96-60CE-413E-80D5-8EECA6EB04F4,56.610898,-151.037527,2011-01-14,3.42775,8019020
1C62895F-9300-45BE-BFC1-D5E98A3B5CB1,-1.840655,178.702133,1971-11-17,37934244.135048,77961071.415831
89005DD7-07C4-4F0B-8344-9A5AD6968464,-67.242209,-121.900245,1999-02-10,1844.81567,6770.966489
5582998E-ADBE-4DE8-B69F-C3F8ADFB2D49,-72.919008,-0.42825,1980-05-30,142914309.59404,10015812
AB18EE23-DFD0-4B7E-B999-130BC217A740,0.029147,-58.087114,1977-05-31,1517315.78,85665.58484429
B60555E9-A421-4AB8-8D49-30507A66ADDB,-88.379283,-162.757513,1995-05-19,26.50423778,285861113.4
5C30B27B-D9C5-448B-A41D-0C105A672ABC,-63.560565,146.867728,2015-04-21,820222.29442,294.02
1B8CF2E1-25C7-4CB6-8D1D-2A529A0849C6,46.564211,61.957692,1986-02-20,795.64392,368.60208226
BC8E2FCA-3D67-44D7-B4A9-85388DA06734,-53.562629,145.536589,1990-02-02,32278.7686,2162076.347
F26592BE-5360-4068-A12F-F2CA6EDDB17F,83.333025,-173.962672,1981-06-10,33464.3934,54703945.3243
0CE6C0D8-0EEB-49D9-B612-7FDDB8667F20,32.541103,145.361849,1978-08-10,19.462,263488653.882
35BF2CE1-5EB7-428C-A6CE-D8223B58ED00,21.7978,28.948332,2003-07-30,0.153982,8
194A4143-0EDC-44E0-9731-72D82A0CFC34,7.655323,-176.039703,1987-12-08,445440.98,619.16
D143FA49-9E9D-4956-8830-2E1060692431,-11.544384,100.535881,2002-05-18,29.6811,0.2607198
28F9AA27-12FF-45DC-AF6E-35510A64C7B1,-65.34503,167.040011,2015-03-13,71540643.8012,334982
7579AE95-C572-4721-BFF5-9801E9580877,-28.808444,-98.350358,2006-10-28,18524715.846791,889.9891814
77A194E3-111D-441E-A57D-B4791088EC55,81.632752,-7.054965,1993-04-29,5944921.1342907,48817
AC82C6F6-88CB-4C50-9B9D-7056D0DD1DAC,-40.109325,142.09329,1993-01-22,3.790722157,2.020068687
0AFB9FBE-96CF-4727-96EB-30D6DA8AA9EF,-24.792746,112.571607,1990-09-20,5.395139222,0.246195198
89D60267-9550-4324-AF74-E5B98E6886A0,61.178956,154.65737,1994-11-26,441556.075556,29727332.6
C5A31A11-3EDE-40A8-9D36-591A9464D25E,24.430644,162.653931,2021-07-22,1.52878942,19.9314531
F86C907A-F4F2-44E0-9D64-BF552DEAEBFF,-56.787797,-130.680456,2006-05-16,186428.28423,34.95
7D8E115A-7D65-4BA9-942D-D88B57500181,68.08206,-82.138884,1973-02-19,505.19423381,0.022491743
E907ADAC-DE83-4BF3-BCBF-AF1AA81BBEC9,-28.896748,12.443441,1984-07-05,1432,13275.908432344
C6D2DC08-17F9-4D4A-8A86-FFF23ADF63A4,-19.672216,-126.356999,1972-06-20,5698.359,25.921133
1C8B900B-83C3-4766-B0B0-35F0535CBB60,54.194723,-15.624835,1982-05-23,5916.91208,286638664.03884
E1651ED1-2967-403E-AA4E-3B5832B6846F,-54.99659,7.904905,1987-06-17,1775,355033.3
A61BCC56-987F-4C68-B92B-9A3A68F7BFFC,-39.530643,-133.011537,1975-08-13,18791576.898566,518780.594
4509E527-B13E-402A-B2BD-083D06C2FF45,-54.122744,58.26089,1993-06-11,0.764753748,67323225.01884
64566F75-10D2-4CDD-94BE-E75849DC88D0,-57.365845,128.210512,1970-08-29,40311321.734042,2343004.92828
9E680EDE-878B-43C6-A428-821D38053976,-32.101178,-179.564558,1975-12-20,286653127,5072.018
9483B3BE-3302-4D56-AF5E-8424BE4FD0DC,53.692305,113.784007,2005-04-29,0,146135.2625788
5DE68378-106A-4A56-A0E1-D3C83BECD672,22.34945,151.857579,2018-08-27,6099.335,299081074
E536E6E3-8D02-4E9A-8B11-B0FCB55E4DE8,-66.832067,-54.428861,1971-08-06,133.95,10621466.55
25F3D76E-4802-492D-89F0-87E590328F1F,45.482304,-7.626824,2005-05-16,19.8,2.824264
9CACF42F-CA8D-4027-AE34-465FD9A7C62F,24.594477,-73.128483,1991-11-07,66338750.592516,24.8340637
6C9DF56E-270F-41CD-8376-5DD3A437D601,-24.460951,-177.576864,2012-05-20,152,30.266208745
CADBAADD-762F-4DA6-AC87-A4E0B8D359C0,62.946198,-114.050309,1986-05-19,9.5,181598497.80593
0580635C-F525-437D-A889-FC6E10EC1938,-63.047677,138.107332,1981-04-26,96.2,1204289.8858
196EFC51-FCD0-48B4-AE87-7AE6CD0AC1A0,-66.464714,144.876454,2018-05-08,37525844.050799,45196637.225107
A25ACD87-BCB2-4E65-9C2E-DA6B212A5B35,0.404548,29.515143,1998-09-10,24441.0726,416460.4626291
5F11EDF1-1C74-4C34-A97B-E1DEF67039FB,-1.29137,93.364274,1996-07-22,13865.337193,23122580.94876
59789181-5572-471C-9D95-D1D05C94E7AC,-82.223108,-97.845519,2013-06-08,26580398,3106054.71584
D10B7AE8-C759-435C-BDA4-4658E48C3810,9.216042,44.346042,1973-06-06,281813.83,38785.41831381
2C821F7A-8B21-4C1C-A548-BE19E7F32036,87.86326,-150.34814,2000-12-02,34881,96704.9726
C9215F61-373D-435B-8B7D-5EA65030DC5C,12.945227,51.459583,2003-05-22,688429236.37773,71617263.51
598E6023-9EF6-4F3B-BFC0-472E2A10CA10,-72.421309,63.742233,1981-11-15,0.1675718,539245.79995
F572BF0C-1539-4854-8C0D-62C6F39F3800,2.855513,-156.122657,2012-01-03,5131.93933,16.3360018
8C4C3EB8-E3F7-4AA6-9470-B4B382A2F4C7,-46.632505,3.001438,1989-08-26,2.6786394,317477.7128091
915CA4D0-FB76-4166-BF7B-87F42D92B074,56.566099,-53.869454,1987-03-05,80.7958194,197.49805183
D8338AE5-BCBA-4208-87F9-CC9B8D1EB043,-57.831444,9.027697,2002-06-12,68497174.603488,7322
6CCF4540-4BFE-49C8-9EC4-B15F05639C39,53.543879,-149.839223,2005-03-23,14453393.30307,211171.6
6BE08507-E176-42D6-9E6B-E3901660FB2D,83.676379,-53.13799,2001-07-13,35.7554,246581.99
96B06B01-11C7-42C8-B28F-6B53CF8DC976,-9.897286,100.080565,1985-09-26,31991669.123,33958
5B5A079A-5568-47CC-B10C-8FAF6D0515D1,-10.421106,-38.740027,2004-08-19,635.056395681,82333149.3517
88011913-AD45-4E10-85EB-F0CB9C005B9E,-51.420232,138.268051,1975-05-10,0.9,85240
0D92B979-34DA-4B86-A683-CCA794B44C24,9.405127,134.865375,1999-04-14,3251.17738,2069062
F4F04270-60EA-4571-B961-DD484CF1B094,-14.168492,126.409605,1974-10-08,34453711.061,23752.6
3CE1068F-EC02-4CCA-8F83-A2C617553F9E,-70.531222,38.350409,1983-12-07,14493041.9,4578.0761504
5031F500-CDC2-4112-8007-233018A87694,-18.046251,32.740773,1994-04-04,47.8817,138233816.6336
2118024D-1581-4D8B-8B2F-BB052F53B2E3,31.933572,19.199268,1996-09-24,9036685,91683551.410679
0D0F4583-D69A-40ED-B999-F64ACEC431A2,68.930845,-156.242121,2017-05-12,17681.437,2216.7
DAFFB001-893B-4D89-8BFD-87CE6D7B95C3,48.595255,3.196584,2003-12-04,4170.555,2226.12933572
21365509-247B-4E73-809B-AD6558CE24D0,70.244315,111.719359,2008-11-26,17.627807,851747094.04032
04235972-FFFD-478A-B576-3AD19D5C5840,29.438051,-98.862711,1975-09-04,66716.34358051,2.04
DBA1EF38-6E8C-4FE4-8474-BEB1D2383F90,18.356898,-171.824274,2019-01-08,39280613,49.548692141
6DF22EDA-5D9D-4697-9B92-70C1FCA71A81,73.089823,4.254108,1997-09-17,28366.705717713,1.7763
37A3D4AF-DAA0-4965-B852-06641A48B693,60.488386,-86.494744,1986-07-29,83.8177,404.66
13FF33BB-4255-4351-9B27-9911A61FFD7C,-47.119731,-118.581562,1975-04-21,280.57658479,223799.958
08E922A6-7B71-4AD8-8A45-A9CBB6BDA217,-59.429125,108.094596,2012-05-05,224844.2,345447287
54F85F95-3571-4A04-81FB-A7D7ADC08F58,-24.753411,-137.147986,2010-09-18,17963.98105129,19483281.043672
986E2B7F-EAEC-451B-9494-5EF4E70A0D15,70.53027,48.682558,2011-06-16,415817.89061,248327.186
0E8246C0-6D3C-4330-A020-8C0E36B88F27,58.424591,-155.001194,2019-12-29,1.09,67909438.797651
907A2211-C1AF-4E74-A4B0-F3B18C5E0AD1,47.13718,-44.073745,2021-11-24,100.7,28824.5976194
38384127-DF70-4BF3-BF0A-3503B484F7B1,-26.919143,-80.60714,1974-05-27,0.9750317,77898143.975
0C6F0BE7-EA92-4FA5-B105-D61C70227B6F,62.867254,-175.816748,1990-05-29,78.2,420.618
ED3619ED-E5E6-45BB-8072-AA692ACDB588,7.812247,-63.395729,1994-07-30,719005.586996,241807.027524
9F6A9DFA-873E-418B-8808-7761811847ED,-34.685998,-87.600192,1985-09-02,0,536.94678
C2190E10-24CA-49CD-A369-04BB3BF3F2B1,38.200644,-55.280128,1994-10-07,12552961.598017,0.26
514D0FC8-5AB3-429C-B62E-79C6DF6C422E,-73.07767,-155.203728,1992-06-16,1970,0.9872
A190E563-E9B4-47DC-AD07-EF8FE01AB10B,49.01621,-12.298457,2021-11-09,57.9692199,4551.41
2DDA936A-3C9D-4819-814B-2B132B1373C5,-30.99891,-1.703227,1976-12-04,56569.71776,23927438.32143
90F58D64-43C8-4042-B02C-62D15E74B73D,-17.024905,-157.437994,1982-07-23,13594017.794,6.79812537
345E58E3-826F-424D-9B46-CBA391F03F42,28.837022,-161.894619,2023-02-03,220.98003,209183784.82
A0D6D05F-DB28-4620-9D90-873A3B3A5C40,10.163592,-66.110384,1985-09-16,8529.3,184011061.45
C687C4C1-6EFF-4A1C-B9B2-272AA3D85A00,-41.391145,153.938685,1975-04-07,2.187,149900895.31355
A32DCC26-94F8-4199-AA13-505DC107D0FA,-1.101864,44.243434,1989-08-27,38480.46,1054.5393
47EBE7BD-0509-4B7E-B37C-9BF5BD590794,-10.041488,80.937113,1973-06-07,1685.7274698,43257.0482253
A1716627-F026-4A78-A2C7-9A0F48A3B8EC,-17.862629,124.131919,1970-12-09,36,68123.8528829
082DFA96-3086-4792-B62A-72533B9EB93B,-27.963788,159.74557,1995-09-06,38694,7.83535382
70F6426E-4DE4-4978-A5CB-7C07BD934E52,-43.337686,163.011348,1981-02-28,1032,141734.02303687
A77DEBA4-68D9-45E6-B739-34B7272EF06D,-37.928825,-5.128898,1998-09-07,12511419.8,59.6117
C17D9CE9-5A98-43A8-A9BA-89E23B0D4D5F,-51.883243,151.731716,1992-08-28,252.9514,628.806
5B6A72A0-C80E-4515-B440-C56CD77515BB,-33.380544,73.403049,1981-09-21,16527815.7715,13981130
D796662E-A1B1-42B2-A62A-8974DE6E9DD4,3.326783,134.941033,1972-03-10,31245542,163449209
3BC2E77F-3A47-4BCE-A6A5-5561551645F0,63.063981,-91.216978,1970-02-18,0,67.21
10848460-D2E7-4179-A268-C5969055E783,70.593992,-76.272254,2013-09-10,198556.1,106411.60122595
E0E2DC01-1234-485C-BC40-BC5E26F2A25F,11.980183,-146.353451,2014-03-09,23.3316,955572379.96949
040F7A40-ADEF-4E4F-AB2D-BC0D1D03E48C,-24.691139,174.297955,2014-02-28,621714.88123869,300.96
BA0B1D8D-C2E2-430D-9EF6-D927FF533C60,21.631916,123.554961,2008-02-06,613.58834304,5.61365264
7695CD79-3321-4DE6-A264-46C331851281,88.007551,142.72794,2013-06-21,1813257.36,21103.416
E765E0E4-8312-44C7-9273-BE18FC02AF1F,-50.964554,-96.868328,1970-06-19,7778.348,6.7242
B1786B23-1D93-4C60-B8F9-54F656F22ABA,87.637642,122.229023,2001-04-22,41351.938,87333.088245
8F46062B-7B52-410B-B015-42386FB48F67,-5.033383,158.474376,2018-03-12,940141,14752165.163638
90941DE5-726C-4E3D-BDCD-C485CCD7C7B6,-52.029441,-157.315967,2003-12-18,858.896,26609
842E1CE7-DCE3-492A-BDB1-154D41D504B1,-76.733955,155.802786,1993-08-19,33556.637070874,79634.511323978
56E9DA6F-54BC-4438-8B54-F03DF50A5F11,-34.836973,124.711419,1974-12-16,62904,21563038.9
B2159F2A-CA34-4F48-A811-ECB98CB26B77,47.360387,87.797262,1997-07-14,397015.79032,8302086.763859
8A054151-FAFE-4E6C-88DF-BBE18BB82E22,75.24449,-10.020431,1999-02-08,42788.161,0.2931
CBDBCA64-DE0F-4FA9-AAAA-870BA8CF1C4C,23.419597,-160.065921,2006-06-22,2.06,541409
631EE22C-A478-4838-9F37-34FAFF60EDEA,42.743066,85.238673,2005-09-29,0,42.8021
3E249A71-F062-485F-AEA7-233403E810F6,-88.801999,168.963905,1990-06-12,2159975.03,256.2
C63C6A38-F107-4341-A70E-0A01C531CEAC,24.195571,9.906126,1986-12-31,5987244.027827,23.9654
F996B7EB-4EB3-43F9-AEC1-BEA0B77CC211,36.557472,104.185866,2004-12-14,15309.8719,2.6
226934B5-88DC-45AA-B0A7-8573BDDC65FE,-87.010314,22.5236,2007-12-19,730.8,13503492.5141
91B2AB47-FD5F-4775-B220-BE1EEE1EF068,-46.530916,135.230201,1988-11-28,0,6477460
48963074-EA82-4721-AFEE-99D8B49E1BDF,33.92913,-134.244119,2018-08-30,8784.6753079,23.8096
1EF7E506-0FE2-4360-8A98-E344DB0974DC,-84.779873,-0.284632,1985-04-06,5.172806,3736.83353544
14BA5172-1F14-4B0E-A8B4-720342B919B8,32.960832,89.006654,2011-07-21,4,197.7223
4AE40333-B5E4-49A9-919F-7933D12AA0A2,66.532105,84.413887,1988-02-03,278679.85,7.4776
3575365D-65E0-48D2-A706-AED0CEE4740A,-14.319675,124.228779,2002-02-06,11.70874,27119.66
82E78F98-6801-47B5-8F7E-DB13E24BFC8A,-31.444028,-164.096237,2014-03-08,8398.5683649,2968479.5645
0B46D6D5-43F0-4AE2-A453-B38BDF8D8A3F,37.928409,-104.687572,1995-04-09,258734956.98744,58
6E5DCD96-CAC3-430A-9661-0A715728E89A,89.461862,-77.458018,2018-11-09,15342533.249,92592494.734227
7E802F00-C373-4602-9A86-38591CBFB8C8,-78.080124,51.983379,2005-12-05,547.220937,33.10793
F2C369E9-804B-4E58-9967-214C7FE137C5,12.682997,-107.007013,1983-04-27,688772.3230576,3.1
69CDC10D-B81A-4D4A-AEF4-75D8A6556F8F,80.681898,8.796278,2003-04-13,8.9691999,19680.65274673
8868A76B-FEEF-448E-8376-B7FE2D9E7D5F,-75.618755,-24.147831,2015-01-30,405.509,7672845.8753
D66C2C90-B36B-4660-868A-6B137F881A5C,-62.833191,43.426803,2009-08-15,4867435.1969273,3357.8024103
5A244D68-73F9-4FA0-8BE5-43CB997D889E,78.838928,111.882855,1984-10-31,7,9833.8483
208EB697-8919-4CA9-8398-2C4ED7701D64,-63.657556,-22.839808,2009-05-22,464.93088,481.11
4A365FE4-C3F1-4C5A-A8E1-F5B4727C8F42,-53.435661,-99.139288,2004-08-28,46.02,5157
064472AF-A564-4805-B431-A32840AAA943,10.710167,105.434086,1982-09-03,2017978.43,933.261754
F270FB7D-5CEC-4747-85C8-F5896E16D4D2,63.646725,50.212592,1997-01-21,36399890.55914,309462.4106
4DA95CEA-EF65-437F-95E8-3A1EF8E0A9AF,36.829223,-47.244945,1995-06-15,5.092008,10173903.966998
F5A076A6-8F23-4731-8626-4B1AB3B53335,-2.175101,45.804544,2017-04-21,660573.9322699,787003.342
76A9E506-DB0B-4ECE-8E79-A8051561ED73,24.277825,84.298434,2002-06-02,40703.09947217,288.4882
D8DB5461-7E03-4D2C-9AD9-94E9C8A00588,51.915081,138.814814,1984-08-12,14928.475415,27659.932794152
F836D1FC-AD9B-40B8-8928-D81532D51543,34.93091,38.504265,1996-12-10,9889.8096,7.86634228
8C2F9E2B-C39A-425A-955E-062A4E020559,-25.254895,144.44147,1970-06-30,4.5550456,559.09
60F258A5-3D60-446C-917F-5853014719B6,0.242434,93.811413,1997-03-10,9020.1498672,387
4B2E1EC9-A4D8-4CE9-946D-30B2F5797B90,88.643089,28.578801,2007-02-13,4.6829,140210.041063
E8E08B8C-4641-4F19-9E1B-0EE9C419FB89,-7.774884,147.54309,1980-08-20,8846.77,305694.711753
E7ABBC68-1CA6-4FB4-9C7E-DCBCDF1470CA,-74.192292,-76.674933,1990-08-21,11798832.66668,505128.989
E971D7E9-B903-418F-88DD-BC835A86D7D3,-69.249682,-95.244463,2022-03-23,11027,1.8849
B9123F09-C7DA-406B-A9B0-53714E276E39,54.712426,43.679438,1993-01-02,145.2082,5.95191006
6DE3CCED-4430-40C4-8DEC-755BF3481010,-88.792247,94.000721,2008-06-01,142.728773,842.81795
A52A8727-8D2D-4CC5-B870-B4E4DD4D41D3,17.135045,-131.342596,2000-06-22,3.681221306,8757.227
0F8C6DEC-60B8-41A5-A10B-F7AD74EF6694,-69.354873,-83.516134,1975-09-06,8281269.4693011,2.22932678
38AF8905-CD4B-4AF4-8E66-4CAA64CD900E,-44.243123,99.636229,1971-03-15,78021.010318613,189.10456
246A85F8-860A-40ED-BB91-94BE68C66223,-9.242154,-157.365933,2016-02-22,464076348,1693227.6814208
6CB611D8-C7D5-482C-A359-5F5AE75E3AE6,-0.934522,-11.965783,1987-01-09,40450719.8,183612.227
EB643C76-51F7-41DB-ACCE-196BB9A4132C,47.131831,-103.640625,1992-07-05,2843.63,14
45E324A9-62B7-48F1-A2B5-3BB92DA9F1B4,-30.493158,-20.878745,1996-12-18,61838.45,13134.525292474
72EBECCB-530B-4B31-9F69-02E5810F3D07,-84.730087,-139.689312,2022-07-29,405284.65976,1112
C58141BE-1C84-434F-A962-D9244F9219B8,86.28292,92.31429,1971-06-30,9.2034047,63
C4E40597-7800-457A-9213-7CDABD68468D,45.470981,-36.967107,1995-11-23,14772676.663,52263.327627
9DDA1393-BB7E-482F-8A2E-1350F991818A,-80.302078,141.366537,1986-03-21,48685217.5632,1641.15
FF8CBC1B-8BEA-40CC-805A-6DBD91F36449,-27.911752,-86.851437,1974-06-13,3289.363285,65.22
C8F4547C-1B80-4FF6-830F-C64C559B1E28,57.434464,-45.478213,1970-07-18,0,678.06763586
FA0DBB97-7E13-48B5-90A9-5F1CAFBDF18A,-29.900646,-74.734594,1972-05-27,0.82432909,4334
0FE75D0D-6E3D-4718-B288-ED87EAD6D21C,44.179526,131.928214,1979-11-13,1.91155165,108.7001558
730F72BF-957D-440F-898A-7E179B89187C,45.80837,31.980047,1989-05-01,18058,0
0FDA8E35-9C75-410E-8B76-2254D965BCB3,88.437118,-122.828464,1985-09-12,929.513,2.39
30758CEB-8521-4C62-980D-4B7343D328C2,-4.089129,-25.880662,2010-08-08,1415479,290304529.28253
A58DEF01-6B6D-4C3A-A239-9C3AF2680574,14.855792,62.0472,1996-08-29,76.20332,395580655.5696
226B0771-0446-4D08-B8FC-8296DFC43F59,-46.617404,70.116282,2016-04-23,49.40108,207052653.64005
30D221B6-C17C-46EA-BF3F-5CE1F8023F0D,8.307792,-22.102906,1979-02-28,681505,18216.59397
2FC4A6A0-5670-4161-B76F-9C240FE1836C,-19.946821,42.976049,1995-05-29,437.596726,44765597.671459
F694A9D4-32A0-4FF0-9181-590425D841F3,-42.423654,92.076064,2013-04-09,163007940.7,42.47
E1CF6AC9-79A5-4CB4-800F-04322CDC88C5,49.460524,94.902672,2021-09-26,13.099,7.9
4F1C7A29-97FE-4A5F-9079-4047A51B6F10,39.316996,-12.721258,1971-10-20,1252486.344628,539.16846652
84EE85B1-51DB-4333-A2C1-8EFA3DCECB04,89.051184,14.718422,1994-06-16,191185.724735,361131556.592
C539DB25-1E6B-4A88-8A6E-94B813F8FD5A,-12.714305,174.327842,2021-09-10,8.1535964,3767602.15
EBA08680-572C-4108-A88A-9A4FA9683F1C,-26.823335,-178.656567,2009-10-28,3648000.61149,30117365.117774
2CFA63F7-BB82-4A37-83BF-95F2D4F334AA,-84.110292,31.549281,1976-10-21,39.631597354,395.90222
37071AE9-0F8C-479E-ACE9-4949892EE4C2,-38.404671,-100.448846,1987-05-15,355492.21,4713.4144999
5CDDDA6D-1929-4DA2-BCB2-6C294225AA2A,-16.013951,-29.021788,2002-01-06,714.4204,4498154.8
C698F571-75CD-4688-AD11-B128E68C0755,31.760286,-58.464566,1981-08-17,335.97951,277268392
0884BF27-2916-4DBE-ACBC-D1F78E0F48F8,42.882147,44.990572,1992-08-22,5071.1115828,249608044.53791
52D0046A-1F6D-41C3-BA04-98EA159B809E,-4.26102,-30.480709,2021-11-24,7107159.71,112.04536
BC0E764B-E0F8-42AE-B647-24D35890F583,35.620253,12.522032,1970-06-13,0.5,99
559C89E4-7180-4C1A-8586-6CC9E329547B,27.406924,-44.398446,2013-03-19,1634286.255052,56906.0651
BB375B9F-67AA-4BDC-8719-F970C646AD60,3.925511,13.723701,2005-06-15,90395.50707354,491261.72
A4DF17CA-2DE2-465D-A096-2B1998E7E484,-79.743192,-34.314753,1988-07-06,522304.6002688,4231.280148286
01DB7930-3682-42DC-B0EF-CE1D58355608,-76.631623,-179.032019,2012-08-04,0.0034,1597.90754
CC188AAB-F562-4846-915E-C065EA720490,5.976856,51.935314,1993-11-09,30975318,12293905.4109
139E9115-7331-448B-83B6-9D6E357494B1,0.548126,46.65071,2006-05-14,0,2.172862008
6F34595D-8A6A-48F4-A33F-4941E362D84F,10.048023,-119.27625,2006-04-06,3372763.3770949,7395937.961
148B34CB-D774-4C86-944B-99A62BE1DD28,50.116708,-141.890208,2013-04-30,2.922,35867134.832121
EF9B28AF-6E95-4738-BB42-A57502330853,38.888374,-87.2999,2005-12-21,4892406.17176,319.5711656
3E3B8FF7-FBDE-405D-ADD4-E357083151F2,-50.895029,-157.578482,2020-05-28,142291.5692,39.3098807
4E09FE63-B930-4F28-9FB5-83EE1BECA8BC,42.231222,-82.122077,1979-12-17,65426.84,320365.5418496
98CE8129-0B6D-4B4C-849E-588713E36727,-5.126,-135.098071,1999-03-01,11.3,20791496
B3E1A632-C93C-4AEA-89AB-AC4E01B731C5,71.452847,-9.145022,1979-04-02,892.993,3802880.9037323
DED476D3-0F91-470F-B178-728C19E663D4,-52.162471,-168.351086,1979-12-19,71.66,1941.23626234
584AF964-391C-48B2-B3C5-FEFAB217F992,54.833574,-140.450373,1973-04-16,25,2.512
421FA3FA-0862-4B9F-A60B-5AAA0CC93390,88.786929,136.18078,2000-05-03,20.70676,62778801.965737
5A54408F-13D3-41F8-B654-609F85A24F77,-59.416411,-53.459822,1970-10-11,65154.22322,126384265.05
1EA03C44-7566-4E97-AC12-91AAB45A1C2A,-15.199649,33.604901,2002-01-24,3.36396,438095.19679137
393C5201-75EB-4526-9397-934B6CE70390,-77.823606,127.252671,2020-01-08,6364207.5,20.91
253C1767-0E85-4CCD-BF03-894AAA7DEA71,73.823733,-146.15371,1970-09-16,3340095,7548.9990514
E9B2217F-2E39-4009-8D33-3D6E17D233A6,-28.067938,21.197462,2022-12-02,612.2067,6.6159
2F969824-FEE4-410E-BF98-B8755D548E98,7.051162,19.959943,1978-02-05,69.484196,365701.4
19D6F037-B6A0-45FC-94C1-BF0EAAA8CD97,-34.190168,90.195487,1977-07-28,3472549.5814272,30719.6823
D669628F-5B39-47AB-93B3-916617F57983,-77.221529,177.439128,1983-04-27,261941399.075,2790407.57538
E1D3C29E-DA9B-42C1-B139-F9C731B163D5,84.281768,-117.074056,1970-02-26,14.01778446,491930.0996148
8B4D02E6-E09A-4992-BFFC-47D91770BFE3,20.645562,-72.500102,1976-09-27,99794001.6,5107.768928
0224B76E-F4C0-407A-960E-C4BAD66AD70B,50.643488,-168.789508,1975-11-16,15.4,0.56135
C0667BF5-2FA8-4273-8E53-8B2ACE07B4B6,-28.201426,5.861859,1978-05-19,74829372.53056,12320.082874
3EFA0D81-834B-422A-A6FC-32F54E625724,81.838202,-135.535676,2011-07-22,7369157.433,234763855.89277
584530B3-EA57-4841-85C0-7E0D699824A9,70.97394,11.72071,2012-03-02,514162.038746,694.55466
2CD1CCAD-ACC1-4723-A73F-5C9A5B8119E2,76.288779,-91.858836,2011-12-18,2.9927506,6954
1E704239-16DA-4823-B3DA-23FC4C58AF9F,-72.171859,43.472678,1991-06-06,152.723039412,0.2466
A20931C2-A443-456E-99A1-6B96F33BB139,-11.83484,-47.83632,1970-06-08,46.9,113582.498292
1CF4B935-128D-4C11-96CC-E93E4E269E55,-26.032217,172.077386,2014-07-16,144.115,42.5784
BFE66FE4-348B-47FB-9BC2-3261935EAA46,-74.628523,99.021635,1984-10-30,38963875.614805,42192.45
D2BE844F-679B-459E-9028-F3CD6879775D,-27.410366,-77.657947,2000-02-27,10164784,746.690834335
BF3EBC03-A464-4345-84BD-035A724B8871,-11.841909,84.74893,1990-06-08,2631721.1829898,38562069.7
C9C8FE5C-6350-4912-92D9-AB3D7CE2947E,-13.918603,-117.568682,1978-05-11,409789.77613,254049096
2671E2EB-1890-485C-9549-1667E8D4992D,-4.631925,-98.010163,2022-04-09,36.02054,314.800972633
56A79FA8-56DB-453D-A9F6-8C7520A75A11,-17.439601,44.431827,1989-12-24,11423,3477879.88
042E22D2-DDE0-439F-A1D5-1EA5B194327D,42.662083,-74.810374,1999-12-06,42.26429618,8823465.1393257
D751C558-70EC-46B7-A4F7-60DE5626DAF3,-44.049639,65.628476,2013-03-15,525,284.522673
19F0C284-1C97-4A74-80B6-42D5BCB7D684,69.602833,-39.086128,2019-05-10,4865803.92,40723451.487959
A0C9497D-0A5E-4A4E-A91D-E06D6B76D9D0,16.283808,105.671766,2015-10-01,3288158,5696969.8661
DE9F7810-BE55-48E2-BFCC-3C7E13D4ABC8,62.255636,-47.262158,2014-07-31,419817484.34518,4.92
406D5A46-104C-40AD-A945-7FFAFE501CED,30.277858,94.475918,1999-11-25,8.487690002,78.974976297
DD2DB63C-AC30-4F32-A372-1AD97F9A1086,17.147728,133.412007,1981-01-17,253398.1245,3.41
812AAC5B-A8A1-405A-AFCB-6A6B59859B91,-80.857909,-128.052991,1981-11-27,4611.751919927,5319
09D12100-4815-4828-9F96-F0F9A51C7A1E,-86.870698,-7.621583,1972-04-02,71784641.661,93.0774
EA7A3232-D734-4482-8BA9-106D61522596,76.006319,171.420644,2019-05-27,65.7724587,10023283.423
77E0DEDC-A2A8-4E78-A667-FC5DA9B9488C,-37.526645,30.373805,2019-11-30,3263.31511,0
DE3A63D8-10BB-475F-91A6-149A054225AC,40.822105,-52.439328,1981-06-21,2875.4501909,1093175.37
A5BFF47F-4B84-47C4-AA18-1ABF3C9988BD,-23.005509,13.060325,1970-09-01,1503.2059,579000122
5F45F0E4-476B-497C-BDD4-54C512492E73,32.283583,-133.146391,2000-10-30,68.601260663,1
F71950B2-58E8-49CD-814B-6B7426B985EE,31.677422,-111.34772,2012-03-03,25298.958,575033.619243
21600C25-FF06-41CD-8AC8-4F0D956E195B,-53.776457,116.967159,1992-12-12,196997666.5832,17
058EF111-B297-457F-BFD1-F1C6DA6AC029,-64.347134,164.084273,1981-10-15,225.4256,1752.2680924
9983BF34-C701-4F73-A54F-A5CD302C9EEA,30.569255,-45.522406,2011-03-05,677721,3964.53574927
8CEDAB84-0950-4925-A6F3-B8FAEE1D7568,5.845878,48.725476,1981-03-20,29155,4.9
321733BD-5B72-4725-92FF-306A5D5573DC,43.838928,140.599528,1973-02-08,4825642.1783304,11.653957459
CEB1FF91-FD32-409F-9F74-78439325EBBA,49.593051,154.63999,2013-08-31,132,51065.48
B9C2F50F-FDAA-418B-A0A0-18F3ED5FCDD5,38.776814,24.706324,1977-09-22,3538.773319227,2971888.9354
6BBAF709-9CF7-419A-A1FF-81001579517E,21.017166,-42.402133,1974-01-12,719.7199062,656.2415
B742AA06-9A55-4438-B89E-6927DCFD5531,-2.967402,-118.283118,1993-01-09,144713.90089222,8.02683
0B3C7F88-86C7-4E24-A0A8-91D76BCE172E,66.165495,-16.263094,1973-06-20,3270776.8,379031.5
7F20E8EF-BD64-4AE4-A877-023F663146D6,32.096186,164.871283,1981-09-13,46331664.524,21.212612535
A7AF4616-7CB0-4BD9-9ED6-C8BE09895919,79.380341,-24.99998,2013-01-31,23456.012964,39876.37
41F8E9B3-4903-485B-B55E-DB1470065065,-8.863384,34.305546,1976-03-15,468314,230.496
FAD2FFDD-BF4C-4AF1-BFAF-54A242C242DA,20.960455,74.368932,1993-02-12,27.917068465,0
45324619-F6BE-4DAC-851F-9857B7171BE8,-82.40383,-107.471065,2010-01-15,7527.1447387,57965940.775141
859BE7D8-6785-4057-A965-6ADED1DC3F0B,-89.940291,-18.868359,2017-12-13,5.80857,380.024908
F524F5C6-9FB4-4939-ABC8-1AE662209A88,71.901407,27.306136,1985-07-02,223969220.97285,4713.9428
E098FA74-9F4B-4ACD-B5FB-DDD3751A50F5,-36.542196,172.994915,2021-08-24,7117.90201,31.644043
68C18E6C-316A-4070-AF31-40EAE7C4A4B7,80.598905,157.017129,2015-12-15,66201975.690176,7998522.97
9DAA9C30-2FC9-41E5-AE21-AD21D2770364,10.920119,100.556749,2022-09-01,10297.743,9020
9271E293-CE98-4BCE-A77B-8997958D52DB,29.244868,-115.507514,1988-10-21,6672.957086,1088638.78
174C3F85-626C-42B4-9753-4F822C0E705F,59.932185,77.605158,1985-11-27,103.963993,1945.047
111C43B9-DED2-4CE7-A52B-FF71FA077BA9,17.872657,-61.43394,2016-12-17,104382956,22139.9
6B073006-B270-4691-8004-2CAD094A89F8,13.733139,51.102603,2001-10-16,28750936.232744,2.17254
12B8EBC9-8BCE-4013-8A8B-D8429F104EF4,-57.218678,140.900136,1977-03-11,206584680.0741,17289.79
D9C43F9C-48C6-4452-8286-3EEF4BB737A9,-80.625607,-91.820282,2013-10-20,6.694,180545.385998
8CA18D2C-E9A2-416F-94C3-E70E00580565,79.781891,-175.42564,2003-05-27,66.0266,1426.0556603
5F440B52-183B-4018-ADEC-B669CC3E3411,-24.617254,-72.038727,1992-01-14,45626003.480568,233269.8740292
34E5CCAF-F5A5-4A12-966F-ED0BB92231A3,-36.707775,-147.66829,2004-09-08,73945.308,224271166.5245
42F6F9C9-B263-4D56-BBA9-6B1BECFCF3B6,-89.016076,20.313019,2003-03-02,718984,59351095.612
E9D68985-47CA-4462-B9BC-538582BB6F5E,-61.150381,12.165355,1999-08-18,1.1,4658034.2875404
E2E0367F-D950-4082-8248-9AF1CAA2A516,42.86459,168.771838,1984-01-07,195.278561,1485.78929076
C2849300-C0C3-4D38-B7E2-36C6B46BB3BC,-26.756637,-50.382175,1986-09-28,23347503,57661803.715207
A7023A78-EB88-4063-97DD-E1EF9D0034BF,-13.825244,-15.481642,1974-06-27,15710469.660902,144393.617
60921501-8EC2-41D5-BBC0-2F12B4B98649,41.566112,-24.169175,1991-11-15,5.05,6133602.6394407
47AF1B2A-1545-4197-9929-AE6FC9762F2E,44.604275,-162.639424,1990-11-10,2.513,4540627.516444
ED9C915F-74B3-4AA7-8758-9DF87249C685,-53.920403,-164.144596,1987-07-18,22690746,57247.772
5203111E-E2A8-43FD-9D81-B5BBCB408FD7,55.771311,-36.451419,2008-05-12,412.07474,257.7638405
E312230C-86AA-4FF5-8678-7E9E12EC1502,2.356074,59.043297,1974-07-02,30.11065866,177824.33975601
7C2E4E3B-10F0-4CD5-B464-0B53E8F187C3,34.614768,-103.625292,2008-11-30,757029.98,2.6
08605C01-9033-4005-B305-3AF98F0C10D7,-48.878774,143.806706,1973-03-11,3.245602699,172.21365
ADBA7644-F0ED-40FD-B454-79480F358F91,-72.858014,111.709016,2015-01-07,772.545,19781899.562321
8DBDE5CF-5A93-45C9-A283-291573739A07,6.029448,143.656282,1971-09-07,34.17,246259731.81377
74DC9731-F4CA-4BCD-8006-34828CC0874F,41.889653,-38.246666,2009-03-02,50.67175134,1009.296356945
43CF3887-F357-4338-BC7D-8F7F0B99954A,-30.435638,-125.676184,1984-08-08,7706.883519,0.061
97259C1B-8BC0-41AF-8254-882FF3794A70,26.804043,-92.21342,2013-09-26,18112.24,52.58
3A3BD383-F380-40EE-A861-37F5470C2FCC,18.777757,18.424534,2019-03-07,0.329443,65.459564305
8EA965E2-7C77-41D0-86E2-1522115651CB,75.010731,-76.517037,1991-01-16,281.05,1998.1
8C63C7D4-CE20-4889-BFCB-C855EF1E3127,-32.628696,-135.91099,1981-11-21,638735547.7832,31726243.03
E5646217-80F1-4FBF-892B-94B42559BB6A,-79.748553,-89.902324,1985-04-14,662990492.56746,89822.6
22BF5F28-179B-48F1-AD36-3501DBB02623,29.657031,179.585516,1982-08-25,41202988.127643,11653496.30072
83A65078-3E2B-493D-A580-D15F40FB949D,-3.370273,132.191648,1987-03-08,0.6,5167.0448
94AC137B-916D-4759-A8C9-82AAC29F3BC1,68.274532,-174.873771,2008-06-11,17773.416934586,748
78BB29F5-9BF6-43EC-9283-066D026FD79B,46.279974,122.627446,2017-06-01,26034916.4,94708669.93761
DBF7BB75-38AC-440A-A959-88ECD9C8214C,-42.60752,-40.640333,1981-04-01,568612.56045645,28
F575886C-7251-4344-B7E2-3EF6BCDBD765,-51.505538,24.768556,2004-12-05,1037,110582.636455
9B2A4532-7A6A-4B67-8E34-F2C7AD30888B,-72.734294,26.126286,2009-09-24,80.0082,8662031.77
09D2BD18-D06B-4179-9943-93C5E9E38BA6,-6.435659,-34.08031,2021-09-25,5.9,43674.8
B98CDA66-E2E8-47FC-9B0A-1AB1B28EEBB7,-61.169483,33.650577,2023-01-09,11578187.26,3434891.0948
43E03D60-C742-4BCB-8431-E5FED53021A7,3.181927,-6.183208,2002-11-03,835868.87849828,776.2
BEE96B53-5DE6-45B8-974B-D52DA511EF19,-72.045081,-141.849893,1983-08-11,12439.35208174,1794.48
772723B5-C16D-4AFC-BD1F-758F668A1EA2,-0.742539,112.546536,2016-09-25,2454.722954,41.319870919
42DF84A9-17BC-4CA1-99C8-83DB38C7CCDA,71.742762,129.391059,1998-03-29,1710363.56147,580
9271842D-C228-4379-9A64-267C0C020F57,46.118192,-30.738858,1996-11-07,66.4,144976968.55612
79B84B63-5C3D-4F04-9203-F75415F4D576,67.455252,-177.887417,1996-08-20,728.94706,2.2
A22BCD1F-CF5F-43B7-AB1C-6EBB008B696A,-13.242236,54.210635,1978-10-18,731665.38,29929000.78
5E8F5944-BB72-45B3-89DD-5673DCD5F544,-43.353621,133.630115,1996-08-18,45703.359819159,61365.5301752
CA76A3AD-6827-4900-9E18-2C210D4F50B3,2.655199,139.945494,1973-06-21,312064877.9,89634.73021987
B7DB60E7-70C5-4EE5-8170-17E5ED20C65A,-22.775731,38.436315,2023-02-26,7.281,5439.7572
15D07583-C4B1-459A-A0F7-B5DB6F67B6DA,79.788908,176.549892,1972-08-12,16208067.909255,10629.7
536D2FF2-019D-4A4A-B6F0-4518C246CA68,-24.950848,75.756595,2012-04-10,56.155203,30123636.511938
05A2D7C2-0C34-4D78-AB11-486691A4FDB6,-63.966073,-13.972518,2020-06-06,11.4,787.2
B66396A8-1C92-4B47-8C40-22BE18161E7A,-7.070653,163.808009,1980-07-12,0.23536,1038.49186
E28A4690-26AA-4188-BEAB-751F7A3DFF29,-61.781843,-134.147031,2004-11-27,5.30957316,118510389.8741
09755005-335A-4F3D-954E-FDEDBD95F703,5.581706,102.667716,2016-04-12,36.3,90194742.91152
789EFF87-7C32-4585-8C3C-DBAAB2E8AD44,85.966185,-109.22998,1981-10-18,403534169,245.207
BD622502-A533-44A1-AA7F-34EA1908695C,-56.867901,131.115216,2007-02-03,26974.51,36139.7774627
56B1DA3D-E73A-4678-BFAC-96C4C0494BF1,34.49209,50.864932,1983-02-03,57192.193,4.215
F863DE28-2F21-4737-923E-6976253BF91A,-78.359401,67.668825,1975-10-12,396.79,590.438922389
C2557773-33AA-4E40-8F6C-6E6F95DD4EE6,15.034995,-138.427282,1993-12-13,710.809978,299326.2090121
53A3F64E-ECB7-415F-8861-E9C390CCB317,-3.550666,-44.360599,2021-08-05,673872949.916,282057958.63693
1347CC62-99B3-47A4-866C-448572A67173,78.730442,135.202079,1970-02-03,1859.23021,2.5
15EB5BA1-94A4-4F0D-9772-03FDA32EA689,-13.218755,-113.836123,2018-03-04,577.486011673,67.1405
5F5E951C-00B4-45A5-8408-AAE32F09C920,-72.694861,-178.111203,1973-01-13,14186.275489,13.403
06E39221-0836-40CD-975D-03DFBE205477,-74.368292,-71.372158,1981-08-09,510.417363,8927013.05448
E2FD98AC-9974-468F-8014-D016C1D4EDEA,80.219361,70.020037,1978-04-17,8305.53,2787597
4546C1FD-AFAB-489E-8887-FF12EFB5E932,-71.3198,-43.883769,1980-01-27,661.049,460.7003734
BFAE1C52-DD6B-45EA-BCE7-B22C555C54C8,19.877097,86.253986,1982-09-28,3867.449602,445
E2E716B1-2EBD-47E2-8D29-A87037A0E2FE,-9.024575,158.252616,2014-04-09,2.9,168608444.83967
6649D22E-5479-4579-B40F-D4A97103DC36,-19.465856,13.591349,1989-07-27,2128531.22021,691.63842214
3C00CC7B-12B7-4BA1-AA1E-BECEED838D48,40.945251,-170.425858,1979-08-02,334,121858767
F397C5FD-CCF3-4EED-B5F2-A26613360CCE,-35.880453,36.964466,1976-11-21,2001.257247432,230.5800421
F44FF196-9A13-4547-B30E-F27A812AB9B1,-21.705556,74.266003,1979-10-19,3799.526,63.9274
E1B4AE10-24AB-43FE-89DB-37420FDC4A58,-75.846411,158.313067,2013-10-30,401.2711,357924.68610188
B17A9A70-5CB5-4E41-8B05-E3706C9A1553,66.993337,178.503066,2007-02-15,187246.24550273,32.064087816
D1194A58-7BB3-4FD0-80BB-8DBB260CFD27,-19.381139,95.89309,2021-02-18,6976564.1981,8452928.941195
5A668666-DF49-4049-BD7D-B0EBE22F08BD,47.642216,-158.545669,2022-05-14,400124.08590296,4723371.75
200DADE2-F47C-43B3-BEF6-5BA2C9D8C6B6,-80.47883,-104.38322,1995-01-22,4660.19168683,23837.7
AE0BF20D-6B7D-4D44-925E-8C3EF186D8D1,49.656103,-150.789785,2010-04-29,48.23,3709423.30497
5E6A8ED6-1B67-40E7-864F-277804ED8706,83.766585,-18.791855,1985-11-10,173872151.82869,318395
2A029054-6CA9-4860-B3EC-F8C94F7CDC4C,59.269817,-129.222437,1998-05-03,81335.1,23540.5898452
FB6C9E9F-4587-4F98-AF0E-6EF1081A5C50,9.211758,-21.983288,2007-07-15,1.813,3.27123
A3F15B63-B7DB-4565-BBDA-EC42C2CD45C5,16.966258,-61.08726,2001-07-01,55505728.521,21130.52274781
36C8EAF4-2EB4-4BBF-B9B0-8EF10270D9CD,-6.742588,178.039951,1977-08-04,2127434.801386,403
E87B5A00-3072-40DF-9BFC-01383F5C4B08,-46.547076,-174.377161,1972-07-24,98663,56113394.331285
E7440D86-998A-4A5A-97D8-7FC9BA5B4969,70.359872,-77.078826,2019-07-26,830426.50028069,34663.505
C2F72D36-0458-4B2B-B281-CEBC7227E007,27.963392,-177.16348,2008-03-26,314900639.634,5610026.166
D6448CF6-6A08-4090-A14F-24A1B2DABD10,23.569131,51.185095,2022-08-03,136.00613469,611.2
A9C1C12B-8FFF-4C62-AEE1-75D92C8E383B,14.983334,8.6013,2013-03-29,59038.3401538,498.68180843
78B53BAD-16C8-4B75-876E-CDB342B99747,-63.44967,-54.782031,2022-11-04,58.7016328,3.8
B21E53B4-3A11-4CC5-BCA7-A234A3EA0FD2,-51.869306,-163.431895,1977-07-29,16.5804,0.570143588
9756CFEA-5ADF-49FD-B831-B35AA6A282F0,-39.76131,155.354094,1996-09-19,91970.72,44858185.53266
BC3B824A-3F39-42EC-A5BE-C8E449B91E56,82.932161,-157.721502,2000-08-21,2.20472865,44866.5899
F5972B14-760E-4F04-AE98-10BFEAB4DFB4,0.245816,-42.424335,1974-09-07,62198217.263476,210.66
0E36EDE0-DC6C-4D7C-8F76-39C0699363E4,-29.785802,-174.830488,2018-03-02,76067,86.01
B2F881F4-A565-4AAE-BD83-D3F3792FE4CA,11.384814,-110.723827,2000-02-12,29371.75693,59.9
FF9DA0C5-0393-4A69-B498-7F530B2816F4,-3.060762,-66.135579,1998-05-19,296.571,4.16866679
BD804C24-C711-438D-91B0-8782783A444C,15.43084,-118.208071,1982-09-29,3.96277112,35113.313611
D7A8DB11-B162-42AB-AC97-85ABD82FDEA3,-42.661153,-55.606029,2020-12-22,755.575112815,191.86391
5DE1566D-84E4-493C-87E4-EF2BF8E646FC,-76.154219,-43.182555,1986-04-12,291330.936,4.6023963
A7FE93A3-4325-4494-94FF-A05003F6471B,25.126349,-34.056537,1986-05-08,4.98,5.4867
9056ABC6-4E69-4DBA-9B0B-2C8B7896D913,52.766127,-25.852592,1976-07-28,246.03,26616.8385
A3A9EB62-536A-404B-9C9F-7E8430D2AB7F,48.91068,-31.035618,1994-04-23,7517212.705,2624.07114239
5BC99CAF-EC65-4735-B950-303A3625258A,59.89832,-176.077278,1986-06-13,6003.85,4600540.7942
F497668B-91FE-46F1-AB81-648BBB44DDD3,-67.125982,-14.047074,1971-05-31,16208714.876566,746.457404
AC5848D4-9ED0-469B-AAF7-04E683A1724C,58.294103,64.05789,2015-04-12,83668322.260412,546068.42427614
B55753EC-3265-4244-AA1C-B269BF0B8BDC,46.894252,-21.59074,2016-12-24,3384.82893435,1.795818509
71B1B320-FD3E-49E9-80E3-75B27117D7AB,-48.879897,-42.35432,2008-08-15,63497515.849928,1961284.8163228
AE41CB9B-4037-40FC-AE0F-AC1719A628C1,-46.168005,-158.614767,1973-07-09,152583357.294,8.03
BF2BF50E-03B8-4733-9E51-D00B045123E1,26.32267,-105.136892,1985-09-14,19530594.044252,18653.603593
600410B7-C8D1-4953-8D80-F12438F14C47,19.100265,97.79542,2017-09-06,1845460.004,107.3867
32970F91-76F8-4BD2-83E6-423C520356A6,-4.540157,-81.759017,2018-12-19,651042.549,1.5074003
5F487C08-A72C-471F-B8C2-E52103014102,86.5209,-168.784419,2018-02-28,466145370.5775,696.71
C2E66F4C-1281-4EDE-9E04-5DAE4D2E277E,-19.439246,38.90094,2008-03-31,1.1,75280.277021
963D9807-F05A-4E62-8496-457006E325F9,29.251752,-49.945835,2008-07-05,1164.67075915,46138.94261
8591AC2C-0A5B-4363-9899-E9EA245633A7,-75.705494,-46.797042,1994-10-07,15.95290219,23.08125793
6CA6C484-C013-4720-93A5-26D9B6164FD0,-31.381422,-93.438832,2013-05-24,0,6576896.389047
03267467-7E3A-4783-855B-5B8FC6685E52,-55.481253,-33.230679,1982-07-04,2389920.16924,4.05296
D9806700-B00A-4C41-9A7F-A2EE7E0A54F6,-30.772089,29.171209,1993-04-21,2329141.825,3604399.07582
380A011C-8F0E-479B-90BD-5EB0272A5AA9,84.613449,-64.64846,1970-09-21,5978.285,34043462.766885
BAD40391-B037-476E-B813-7B0CAEC7CDD7,-0.282924,-42.244473,1977-03-23,46150843.465,159947.0007371
EABD8AA0-F6DD-4BA3-A0DB-656B2D9ABC9F,64.740926,85.57416,2018-10-12,7928.04,902569352.269
0B714681-ECA8-4FFB-8B1E-341A1BC651BB,-24.079831,-25.033596,2014-04-13,0,252
2C6D2003-9843-448B-8347-5A0E8147BA03,-77.380694,175.9849,2016-03-24,6859.74,1701.1472
9631BAE1-C113-4A29-9661-A9E76E770A1F,75.08685,-20.52514,1971-11-18,721534.720384,304.6
1089A55F-78B7-4529-9B0F-A8DB80EC5B36,-88.065816,-75.820195,2020-03-25,40092.66,175112
18202D01-9D4C-4B7A-BC09-9B1808BE9230,-16.232947,-145.544837,1994-08-17,179611,283225854.08816
2D88767D-A7C6-43FA-9D9D-D924E8CC9DD1,63.409622,-23.762199,1994-09-03,4318331.35587,523.9195
B8613998-2067-4608-BF67-DF800A5A3DCB,-31.831905,2.532056,2015-03-20,1.8038,895.547841
05367F7C-700A-4857-A381-46A3CD327857,86.986672,-45.169338,2020-10-30,579151574.00636,1659115.7062
3F175EA5-9748-4025-A8F1-27D50881D6CC,-31.797472,-114.479421,2008-01-03,176121.46657,2.135373402
9CC1DAB2-F898-410A-A6D3-E11D2B5FBD3C,75.157135,158.249854,2013-12-29,4972.842563,4.93
AB7F9F86-4A3D-4FA7-A17B-B4D4AE6A294C,1.118562,80.677314,2011-01-17,331,5286.8825
9C35DFD2-DF9E-4C5E-A3D3-8B7B226F5A2E,76.596094,-129.81723,2005-10-26,9.635,40.04
ABC0E2ED-40A2-4C5B-9C17-6854D127DC54,-8.848925,-27.494942,1994-08-21,4.76029532,20046.8405979
BC79394A-7BEB-4DEA-9CC1-58995B68DFFB,8.167057,-51.377668,1988-11-05,141.04,670.9454689
98B8980B-123D-4237-8B25-3CAC165D0463,53.270427,174.826127,2016-09-29,891192113.47462,415696.02548129
7A31764E-FC75-4F26-9757-B562382F662D,-62.498437,-45.377134,1994-03-23,275.213418325,16723.252055
3198BACD-3D5C-4B67-8259-02B38C2A91A3,-33.269363,-43.095193,2016-03-06,2365658.1797909,6361.7023738
59A094C0-326D-4FA9-8D67-3F95BA26D7C6,4.143888,125.542559,1994-08-24,608.88174,16800.1
437BA2F6-D561-4892-B72C-17CD8E8DB443,30.121744,114.61584,2009-04-17,4225120.11467,2578.472905018
955BA03B-891D-4AED-9EC3-8BA4F586E613,57.350458,35.494048,2004-08-24,34.188401645,16.761085
E74A0312-4C3B-45D2-BD16-DFE5FE4C2271,-71.024214,127.023701,2018-09-12,3457.6791,41844.54063
710EDA5E-2D6C-4D25-9EF3-B11033B639FD,54.35251,-22.817871,2020-02-03,16162.918,3835043.9610118
2CE89FA1-DFA1-4689-87DF-260CC9B4288E,-58.373839,18.38425,1982-10-20,5335235.295723,1582641.7
04FDAEB4-1634-4332-A32C-84E44EC8AD24,51.241495,-76.41384,1988-03-04,1586380.39,2348942.71433
3337C173-25D9-4854-9AA3-C2EA4191DEC3,-10.302324,-22.884908,1975-09-09,2958866.44,22.56452
B69183DA-8920-4C5C-8D13-37E9D1112073,65.863648,97.962202,1988-06-22,18.16857886,0.4774322
90E3C567-644D-4450-A5D7-187817C0E9DA,-23.129969,117.947882,1978-05-13,3943,3080.80550727
F2987187-BF18-43F3-B874-F1F59DB9DB91,-48.651347,-25.534082,1985-01-05,5028216.70465,3908.0095958
0F809750-0084-4E55-9DA0-BAF7C07C3FB2,-1.841004,-108.491741,1985-10-10,4775361.4876708,506.4175
259654C9-3826-4082-AF85-D57EB26DBD5C,89.159866,123.099252,2004-06-16,57378.090082998,1326.3707502
100BEFAC-90C9-47EE-B0AC-E9281E7FADDF,78.518112,68.833347,2007-05-09,264860.3,7323.3288
C2105893-42B2-479E-B723-42514260D265,74.387576,49.746832,2009-07-01,5845954.344474,0.969358936
F72CAFCA-1185-4327-9A83-40AE55356DA4,-15.260105,174.389543,2016-01-03,1.953,48101940.769606
C4EEFB38-9F79-4AE5-9574-092BFFC9F448,86.060956,-104.994522,1974-06-17,1090016.313,2.011
4643BFC4-3E47-438A-8622-1CCB7E4DAD20,65.113343,96.829995,1998-07-08,1788415.96,13.3
5BE6F0A9-7A48-443E-A523-4835A77B422E,47.805946,-171.630957,1989-12-29,3757372.5655582,26754218.60729
34D5B0F7-B9DF-4D62-B807-797CD0ED5D3D,58.1242,-104.461003,2017-08-06,25907687,1707.75
5DB3888C-0F0C-4F9D-B556-6A0BE4B2C4B3,28.99354,10.695931,1984-01-28,6.5577,3.7368
F1181408-579B-4909-9C4A-C52BD9C3A12A,-37.913727,-88.791842,1991-04-21,0,101
F03289AE-279A-444F-BC96-CD55C0430B3B,-51.625893,121.121249,2009-04-01,85.9159617,249143480.78
F6D264E4-46B7-4FE3-8BEB-41DD62B04CEA,25.944945,-45.980528,1996-10-18,25.740786,21.7403773
F6A88B82-6C26-45B7-824D-BC9622D3300B,61.329843,38.376413,2002-10-06,1.9110196,44500892
6D5E86C8-EDD8-4A43-BD2A-9CF8025B50FE,-39.076474,157.762648,2004-02-18,3364527.27044,308882.19548
F56AD924-3F08-470E-9BBF-7558AAD9D835,-19.260376,-33.962096,2019-03-04,8811.826,0.85934
11FFB959-C918-412D-BF73-0A3DA15E34DC,5.246063,-101.780823,2016-01-01,2594.8787446,637.443
8E7F4AE9-D46D-4C0E-945A-EEAD24FB9EDD,88.866619,-45.432368,1994-03-02,15654.931473,7321.071537
A13102A4-0F2A-4B3E-A837-F365D550F7BC,24.528921,48.650195,2000-01-09,129970777.14634,19.2601018
AF53E7F0-1710-48F5-B006-5DEDDCD29F98,-50.446707,122.855229,1979-12-09,0.54,33753589
457B3360-64CF-4F44-A0A8-6CC6ABBB2C8F,81.328837,-74.606245,1977-02-14,1533.3075009,3526353.7037318
F0E03D0D-8569-41E5-BF2B-000EC5D099FE,79.038639,156.663453,2000-07-15,294.039,598.654043
2C37DD86-9FB6-47C5-B3FE-98C78D579C0F,-43.992495,13.781866,1981-07-25,2950,0.36969314
2B5C5974-C45C-4A0D-BFDB-5A0069C605AF,-40.869159,93.132687,2020-06-30,160572.5,2540982.6050719
8EB6F391-0E48-4C7C-A4A2-AAF9EA4BFA6B,74.954386,166.505205,2000-05-11,292252706.066,0
DC06CA17-F014-4F4E-99C2-25C55A0E2737,62.043986,-37.45827,2015-08-09,31704.53,60678867.45
74BABEE2-F9BB-4485-86E8-7FF93D223050,39.248353,52.408048,1998-08-06,42835,47501498.034955
F8E24540-DF2A-463B-86FC-AD5EFBA8E96B,-68.178931,156.763619,1995-06-13,62.104536028,0.25441
0C83E691-9367-406C-963D-9AC7DA1CF663,31.484841,-101.668521,1985-07-27,143.392,23217.69
B3D7820C-B127-41A2-8E48-3A22F7CCA545,-70.910712,-49.252559,1995-03-06,13.730739438,410083.6446565
84861111-1817-4182-8BF6-70480E793509,-74.937323,-61.220686,2005-05-11,1042.9,142.38923522
3A67CBD2-2BCB-42FE-82C5-BD8A6CF69C6C,19.830593,99.189081,2010-02-08,63.009867008,2.74
D372CED3-F0EB-4ED4-9906-22F7AC935AF4,46.77007,0.232097,1989-08-08,396.40655,32.097378
E00763CB-A08B-467B-BCD4-3BBD711A0282,-64.090234,-139.001511,2016-06-14,2305487.5595312,1107289.8035987
88F26755-F101-4265-8ABF-63828C503F1B,-89.824723,0.396475,1992-05-11,61309157,29028838
99BC327B-A432-4E6B-9BF5-8B2E202BB1A7,19.462279,-20.0753,2002-10-22,1577321,6.57080659
1A37F332-9B67-465D-BDC8-D0D786580DD6,78.812501,-120.574245,2000-03-18,129527912,1838386.8
3B240E6E-DFF1-4F79-9212-0A470293498E,-86.414233,-128.471859,2009-08-27,16664585,206
51A9C8B8-53D0-4E57-B7DB-946884D94F0D,80.449891,-150.154709,2002-02-14,131.2364219,576520.429896
D4D76668-DE56-4B36-8A97-C83B49723986,-27.35348,-105.592314,1995-02-09,25653,37351169.395612
273E79E4-4966-4996-8440-4D38BA392AF0,6.224986,110.585637,1983-10-29,3697.4074,2898.049419
B36E3E24-0F69-41BB-B375-DD4049AD989E,47.952134,-128.565986,2017-07-11,4192780.785,201755154.55629
5C6136FC-B6A6-44F3-B14C-C944FD637A5F,8.61492,-45.155471,2002-11-26,848127,5390
1071541B-D208-43DF-B889-EFEE86A1AD42,-15.692843,-150.88008,1973-05-11,243119034.87137,42.2096486
EA593474-2A33-4E28-B119-E9C40723A2E5,47.077986,-165.40915,2020-12-07,5306122,1751239.02
1D4FB2C5-BC7D-4F4B-98AD-633D88B741DB,66.44163,-153.126414,2021-02-14,205262.91931,2.298205
156636F3-B616-41EE-B32D-529EF66D90BA,-62.940408,20.154463,1975-01-27,7592160.3501258,0
DA9091C6-4E24-433F-BFC3-B1935F170819,18.029105,54.171543,1993-06-13,84477979.738592,58.57
6C1FE36D-944B-401C-9BB6-8BD9CE6691F9,-21.761592,160.315027,2001-03-22,508097.71095351,1248295.7
59A2A670-617C-4EF4-9641-D439AD36AE6A,-63.478736,-137.460427,1976-09-27,1433904.14,59.108943289
F4F98362-884B-45CC-A183-812B54C76B3D,-24.302596,43.512008,2019-04-27,131653.18233,2950338.65
ECE2DF7B-7FA7-49AF-9379-A0C15B7F9669,-28.369919,-176.953382,1999-08-15,128,108.8842
75F41E3B-822D-495D-8406-7163BD6E4244,63.996078,42.475802,1996-01-31,31.361391,2.889
92E816D1-2ED6-475C-B0E3-659C85848F3C,-21.644265,-151.39888,2004-07-21,309.7,627369.59261734
0B986CB9-2F5E-4BB5-B02C-72EDD21C3FCF,-87.294061,144.778949,1981-10-23,1.3,323.9761769
5565C8E7-30C3-4ABD-B015-E45EB220B0AC,22.346734,135.029814,2021-01-04,435373.55758808,695.1
FC2A21F9-E72D-4D66-B95F-E658FDF1D515,4.599758,170.283233,2005-06-04,299.2707,4442.408
13C7CC8E-11EF-43BD-8DB0-8D66B91BAE7A,-23.294838,-144.218145,1981-02-17,0,2.1547
89AB23D3-993D-4AA7-A03C-775E07DA29FF,21.25755,178.572133,2007-01-06,183.22562479,407568.89295707
369B884C-CA8B-437F-A6A3-000229D0287C,-19.390846,80.006063,1973-07-03,1795.786208352,526554304.62656
271D7A13-6287-4916-98E7-424C4D6DF21A,51.37983,103.144146,2021-10-13,4.62443,70.7864
2054530D-7BAB-4422-9979-B974FBD58D1A,45.22346,156.309576,2012-02-13,0.9,960.44338
29E42D73-0ED1-49C7-9847-36724B3B724E,-76.236913,17.531047,2015-06-27,1911.68823319,0.226529801
D098DE3B-47E9-41CA-B444-D96B703851FF,14.806425,-157.239176,1975-07-28,0.348207743,18909154.652947
41ADAC98-D7E9-4EBD-B286-4A0275C6AEBF,63.410012,-7.158206,2021-06-22,16.155,1599.39
3C45CDBE-06CD-4636-9255-BDA6BF50AFED,72.916141,104.127272,1980-05-30,86.00733,239937626.40237
FE35F122-56FD-43D6-A75D-523D5EFE9F9C,88.820453,-26.618219,2021-12-13,126.50530173,319279.72878284
E6CCCE0F-AF3F-45D7-A768-8D1AE52556B7,67.78337,-72.891122,1988-05-18,482789967.36793,412705.21034526
B07387D3-31C9-4BA8-B3D8-B0CC7BCFA5DE,-50.567636,84.079042,1987-05-09,1846.60175109,241.66363
110A5F63-F4B3-4637-B8AE-7317A14F60D0,-83.852376,-112.515987,1985-10-11,1107655,114963278.03104
07F36AB8-BAD4-4960-8AAA-7791B35C4EFD,-74.621348,-165.767123,1984-11-24,7.167784024,46.563139445
1F61F1D4-6649-4B0A-84C2-66E323E6C0FF,-29.889148,-23.482781,1986-01-12,26.529321501,779.2
A5B0EFDE-DB15-426D-926D-48DDBD8FDD46,-56.74334,-40.884698,2012-08-06,9110.00324,70302.661523343
43F3184C-050E-4D88-9F57-E9E5C687F1DB,83.940724,-13.379395,2002-06-30,19,2.58786594
51DB7706-78EA-4E7C-91EA-0280C92C026B,-82.870511,108.745382,2014-08-26,528.143,225060.55065382
8967DEB1-C4BA-4DEB-BA07-601C846078BB,-7.216141,140.487223,1983-11-27,17.620098,137747
BED48792-898F-4C3C-958E-ACF4084DA1E7,17.238779,-128.989976,2022-11-18,422.797,1.9823224
1A7B6BCD-F004-497D-A5E0-F7C494E4D7DC,10.947644,165.898382,1979-03-12,23,4266.2573086
C99A0575-6E03-45FF-B737-EA30766321F4,-24.58284,150.31834,2011-03-29,322.5165,25.879
0764F18A-DD15-442C-A3EE-1EBDD6CD45C7,-11.757211,156.973829,2018-09-22,6.308,22714.384
AE706A56-C450-43A9-BB90-CE8B5FCBA4B9,48.532705,50.481109,2002-05-15,80314.7369886,6.91
CA78372A-A24B-4B2B-9D91-B16A34697E35,58.150767,-46.569634,1998-10-27,4353711.212,22258866.581205
072367F1-CB20-4D10-B568-DBE70A7C42FC,-54.55087,141.764839,1991-08-05,76,822.966687339
3BAC6046-EA7B-4836-B642-4455CE1E249D,75.329421,57.603705,1982-12-01,34877.8,55716
89B83EDB-6765-4C87-AD4A-C87F6FB5ECEE,83.478271,-65.727394,1999-02-18,453919.5,600566940.88095
37706B4B-CCA6-4A27-BA30-5363C07C300C,-86.190005,-80.924488,1976-02-14,11.790672,57.32
1B9D9CA6-F4F2-43CB-B304-B2EBEF0B93BC,-29.104324,124.855053,1973-03-05,1221.62137282,184.6
60F74E87-7579-49DE-BB25-F8E1BD1E149A,-35.210406,169.388852,2007-06-10,91472.84,14991309.4
7F02450B-FDD2-4760-9DC4-E4D6918C5D3D,-4.193768,-91.687648,1983-02-09,29,1170956.3
748BC145-416E-498C-9898-BD63AFA3B106,84.030058,-50.800366,2013-01-25,5.33,5594392
FD91CBD2-DF33-4FD8-87D7-1419AD0AB187,34.71171,41.565186,1978-11-14,2359.92715,142.08446438
399FD572-080B-46A1-A8FD-C9AF10A5ADFA,32.525452,-108.220999,2005-04-09,215290.160383,667672538.9
C4ED0614-7CED-407D-8B6E-A68231502918,8.574161,-162.41251,1997-06-23,1.569,129.5
2A841DB0-22EF-4542-9077-8F50F7D34F23,-10.276622,-41.371457,1987-12-09,2.6837,176.127
562C242D-6C0C-426F-AE34-A39C4C82E4D0,34.922165,75.66458,2004-09-23,781.8,3563.4901724
39B5DB52-8EA6-4E05-A74C-D843D18B8592,70.81154,121.373871,1990-10-07,43199187.75,2.89900329
23494595-5084-4E18-AF82-A286AE7AB5D8,-12.441991,-104.735243,1988-10-13,152992.90335689,24869.4091921
246D90E7-079C-48DF-869E-109DF04EBF3C,-32.276856,91.059704,2018-04-19,68836.2,1
636B3444-9513-4A64-9025-4F68468F9930,-26.625602,-150.998957,1987-09-25,132.152,749.8
C7AE656D-A939-4D8D-B95A-795E1DE8EB43,3.48989,-161.978921,2000-05-26,50.206,8.5
DECF6A17-11C3-4EB6-8911-0A03EADC3E4A,29.937312,-110.745548,1992-04-02,4513.1,21997.330819917
27ED3385-E618-4960-A8ED-A179DCC16B1D,39.285433,21.803451,1997-07-25,23301302.416701,65254.6
B13D64EB-2689-4D70-B845-6EBFF7107E75,-62.65929,-114.237934,2004-04-16,22.7319,468266.2309
828AB85A-DAC2-45BC-AC60-F40211903F10,53.761585,-159.271093,2017-05-22,987.10785,20.09575448
AACD01D9-F3A2-4B2B-8508-63CD9413D8DA,-55.31859,-33.715782,1981-12-03,257.9587,235948549
3D42B62D-C62D-49D2-ACFD-87A4345F9677,3.341349,145.570965,1974-10-21,42603675.50205,3251709
D70FDD30-37D3-4EA3-BBB3-E768C5C4DD96,55.280806,-42.020445,1971-05-01,24566632.053,7938417
FEC3E1B1-DADF-4D2F-BC18-8C8852F600C7,-89.808804,-109.98765,1974-09-02,428958.18695,6.75031248
9E744676-F469-40C1-ADA8-086D6DAA1FA3,-79.89144,-105.023463,1972-02-06,60454654,5747310.4
B863F85D-5AAF-4BF8-AEFC-FCFCF721EE1B,67.034802,89.942385,2015-09-24,22.84,11114667.09038
41AA5ACC-DE22-4DA1-8ADB-5393BD9A165B,49.02265,-123.505489,1982-08-01,35005.32,4
0C38B6B7-5D25-4AC3-9D37-8C9A91584F75,-75.533022,123.157001,1993-11-26,296909755.6,5829.47783
A9A368D8-29F8-427A-AB87-91DEB48F15C2,70.367448,-103.273382,2002-02-15,279120.20540156,351666.05614
A35E2407-1686-43F1-9A03-C4A888F5EFD0,-67.51456,-30.211584,1996-10-27,29887279,53263
538FEA52-3463-47C0-9AC6-DE42966CDD22,-49.773093,-54.423727,2003-10-04,3131.49,0
23CF218B-CB3A-4FB2-853A-BEA0C533B520,10.269031,-98.773904,1993-12-09,415.970878543,58891.1106
DD2F0171-4835-4C13-9B1A-4E56306A2C78,-3.903583,15.536623,1972-10-22,581.863208,8095925.4157103
9DFF8B47-5AD1-419A-A24B-2D097FC225C8,-55.308852,-134.406151,2003-01-18,85420012.19,72.320871
CA68AB32-4C2A-4884-A12D-ADC80516F8D6,-70.894747,52.316032,1985-09-21,56230.16,0.5
FC4B992A-8D15-4638-B7F2-9A54DAC33E51,-71.938572,19.663953,1997-01-04,3089304.63,945323.40839
4E1A59E4-E5C3-4750-BBA3-98C9F50A9A1B,-21.81327,-122.463107,1989-08-08,557,1609.3060583
79FFF645-88EF-4998-87BC-E74E1857DC66,-62.063836,-109.735931,2014-03-22,2.18458,293462.8581083
0763C055-47F0-477F-B2D3-64474BAF4906,35.601781,171.023597,1997-07-16,93.0429865,10.5422
C4CDF3E2-4538-4F4E-9AC2-624635A33953,46.557358,-13.678355,1971-08-05,16.544496,28434.99523
7A78723A-6259-4F58-8C2B-2281C8C005AC,8.359873,160.475512,1998-05-05,3157908.1928804,2071
17257ADD-C1AA-42BD-88CE-2B341939AE66,40.785643,51.297304,2006-07-30,40495.741597,7524
606622E4-4DAC-48D1-B6CA-3761CE8778E8,-73.928513,-151.333578,1974-11-03,110367392.19436,35.6
A78F7729-B163-4811-B1E3-2D33CEBAE66B,77.729113,-48.913209,2003-04-03,721900.96,68.656
30559B80-5236-4F10-978A-FE3C94625BBE,29.165652,-130.260817,2017-03-07,69.21,0.14983
F319EBF6-15B4-4310-849B-7C6088D20C8C,-22.734739,159.240119,2002-07-18,19932758,23740551.173551
6FB219CE-9A44-40FD-969D-32995230FD7A,-23.223141,-80.539913,1972-04-17,41.844336,7518.13713284
3CE53BA6-245E-47AE-922B-CA243EEAABAD,49.993722,-47.270453,2015-11-11,0.68282154,342995030.7899
B8BB80DE-3348-40A3-B2C6-06C8B5C2EA0B,38.513118,-84.452974,1973-11-29,9208.412814375,509627.78731408
F28BE4E0-774B-4177-BEE4-D38236A8937C,52.359922,-165.93238,1979-12-27,3156.8,1.353457
3A1DDF3E-8144-467F-B57C-C6D1D279C8B2,-9.077491,137.689599,1973-12-04,2473420.025,30727581.7574
9861687F-CFEB-4FFE-A328-40A142143E08,78.159024,-29.183053,2014-08-31,29108018.172349,1190850.1
F788621B-3283-484D-BB47-2B77926BDD83,-21.514102,78.74759,1976-04-04,5758.9949,930.7
F53FF937-0CBD-4E1A-AC9A-32303132BD00,88.62317,92.332571,2018-10-26,8.868,6191.018504124
43999258-2902-44D5-BC15-FE7F9BA8513A,18.453778,-109.779392,2001-06-07,1.839,70044672.691116
736F8C7C-D4EF-4DB3-B18E-AA9BF72A3191,15.600825,-115.316365,1992-04-28,1510.3512819,36004366.5055
F5B66CB3-A9A0-4123-81E2-583D5ECE0BD7,35.289051,-69.50778,2012-05-16,2658090.6004993,143
93FCF170-C30C-48F1-ACE3-4959D0231A32,79.183938,-15.265722,1995-02-19,41209727.755,760.53
F220E6E1-7C22-4D71-885A-666E6A403E87,75.083891,-168.251828,1972-11-02,72637,2133.3
902F745E-07F9-4572-89A0-C0900503DA3A,64.050037,-86.19471,1991-05-09,2669.55,7.4839
3DB97F59-4D54-4EF6-9883-589A3197B3C9,56.120444,-102.032064,2012-05-24,5673.615554,944043664
4329C08F-5269-4C26-BC8D-680118CA86BC,-37.165605,45.085167,1970-01-08,2.984593,461700.87036795
CCB46851-AA42-456D-AB76-7CA672F386DB,50.858666,12.852766,1985-12-21,509.3261761,8086524.8
5F86D5BA-D502-4FCA-BE38-A55D28EC00FE,-59.634951,92.739947,1993-06-10,423964.29,12977.45527
C30A0D31-9102-44BE-9758-7EE48BF098FF,-56.102843,159.960955,1997-06-25,319595.1698059,2.5852
A07A6439-9335-4DF1-ADA8-D56CCD88AFF6,89.166223,-7.469261,1981-03-13,20435013.6743,4244.4553
BB0E495D-EC6A-4536-9E7A-C1B0035326AD,85.751689,160.623503,2001-03-30,385.94157775,80746.33
A907A75C-0536-4893-9B4E-8BF500D11AB2,78.998512,-106.057938,1996-05-13,17.15,97955.992743719
59F6CEC4-A956-4CF5-AD17-E00D55AD15AA,-18.147549,10.44275,2016-07-26,61802,3695374.4
7D2AF38D-33A5-4BF8-B89C-F27405B069B8,56.765927,-132.948459,1988-09-18,82093.8056,290.85913
2E3C09C0-9CF4-4346-BBAE-2935DF00975E,-53.285605,-104.939864,2021-06-24,27868102.44,1937032.0650401
B0602CBD-4905-4660-9783-F521BB0A16A8,-52.751098,-108.153322,1992-01-13,2849215.76975,61
4D445216-8A39-4DD4-B091-48501DC90426,21.296603,-65.298829,1973-05-24,55.9718,20378.44
10E97E3C-A47E-4D56-84D2-425032A69D58,-11.430367,40.312114,2018-01-03,408.86,7961.28525
460368EA-3ED9-40B8-BA6E-8044D542A2E6,-47.790575,-59.087768,2004-06-01,6531.3049284,739482.4
AF0010C2-6610-47A7-95CF-4A30FC9FB19C,-20.80936,-15.540968,2007-03-17,0,388278.7839
B08918C9-80A3-4037-BDC9-C89D35F6E8D5,-32.081809,106.668288,2015-06-08,318.6,61.117773953
6FD2A2BC-E86F-49F1-8590-49B0E6EEEA1E,-44.118496,-174.60197,2013-10-17,4492395.3683866,243411.8149859
FAA50A66-6A0D-4AC9-BF56-C3A110C9E93B,47.968571,5.1743,1971-11-15,177509,21.869592324
81D15D4C-3AFC-4202-8EDA-BB5F1559DDC2,-40.559372,-174.769468,1984-02-11,38930.8714,359485159
FE3D67C8-B410-4D5C-81E2-0485EF07C1C4,88.358216,-116.083852,2012-04-16,3367.64,451263.47625574
B46AF20F-81E9-43CD-95BA-900F4B2D4421,13.289939,-87.351936,1978-12-16,944775.38745062,241244392.2
2B47BBAD-8200-47C2-B8BC-D9B3C0373C44,-88.58422,-118.864754,1976-08-01,3287.4459,375099041.9
B071278F-30F6-4351-A6D1-43DB0279BA92,-0.653029,11.029633,2015-09-28,20959.817268405,27981.6962176
CDC073A6-5AB8-4FB7-9917-97A86844BA2C,-13.211882,-163.002806,1982-03-25,1657.8,13361.79549
8DC00691-9963-467E-862C-DA2ED850E16B,-70.230228,-93.094769,1984-04-06,2.8918375,87010.6
62E8F9D9-2636-4244-B9D9-4521CAAF9EB2,-47.614709,-49.010844,2002-11-21,1599,41451407.59
03BB7A96-A380-47E7-93E0-5D12506A5BF0,40.921784,19.968734,1990-06-21,855541.89,11775954
C546ABEC-231E-46AF-9DD4-0C2C5FF9F017,-40.223796,-53.026661,1980-09-14,6223.918,7402830
A5769D0C-F913-4C5E-8931-835ED426EC13,24.960753,-44.89642,1997-02-02,13724,4382.09341
BDD03BE6-532A-4641-A463-74A2E9201215,-13.402015,59.483449,1993-08-24,289238448.38899,10.7733
AFA5E944-46F8-48C5-86DA-431C0001B58F,81.662754,111.664986,1982-09-27,1.13,9817089.813
45B334A0-C5D8-4BBD-AF07-04B3D928BD39,37.337819,-5.806069,1982-06-19,27332.1151793,4390887.5419705
D88BF151-C0A8-4F47-9886-740D30B64AAA,-32.18502,-74.187791,1978-03-15,66.5207029,192673386
AA3E956E-8A25-4747-846D-A34FB7183C4C,-72.49568,155.738814,1988-04-06,13685887,3.6602591
23338957-D744-4FE8-9066-B16D64FA7969,-22.746087,-146.154512,2017-06-15,4348,267783.61683398
33A6C581-13D8-40D8-A42F-1223AED601E0,-51.913465,13.249954,1993-11-01,21187834.3,37.14356366
25372431-B68F-4E11-BF08-397AC97A3D4B,-49.734298,155.096038,1979-08-28,59,4483714.2212068
40FBB003-3150-404B-BE04-DA1C69DCA137,-12.841405,95.390346,1977-03-02,11543322.135,464.187441
2840AB72-D7D6-4727-B2AF-353219D17C87,-14.723037,-173.000609,2008-02-05,30919732.359,881919.3036
5B04DCE4-9AE1-4738-990A-3837C55AD893,34.999572,-118.10486,2002-07-25,2.785,3021.155
72B0A2F5-B6F0-46D7-A3C3-1C126D4AA49B,60.173228,148.158613,2019-12-28,0.346691,5332479
8755ED33-C95E-410E-9C25-54D0608BC66A,8.40331,-48.312166,1975-01-20,4.425,3017681.18198
C6BE588B-DD1F-4146-9A3F-D6E3A1126BCE,84.249385,82.168056,2013-04-22,9924738.2278705,21525.98593
D3000E57-0088-4203-A2FC-B69E2334114D,-19.378214,5.458868,2009-12-18,6.114,460852.71
C4AC8373-0053-4AD7-B9C9-127D977D4FF8,51.79751,70.207875,1979-07-27,159.16008584,1.7
BD5374A1-2A53-484E-97E3-287D3A4C4AD8,-35.810191,-102.64266,2002-01-04,713461.4050138,7.617
B70ED21D-43D5-4AB5-B38D-E448FF3A7AE5,-43.025165,145.215687,2000-03-14,32784.858,4728469.5705
770D5272-67FC-4FA5-8409-D36CDA634EE2,-68.818221,-47.927591,2021-07-26,0.819,37020945.608
EFF502BF-5FC3-459B-ACDD-0CD35C3F00FC,-22.443273,-14.473513,2008-01-03,1426.78637,5.324
AE775550-3AAA-47AC-9823-638884F517FE,51.766499,37.019045,1990-11-12,8899702.95,0.1
713D5CFD-D318-43C4-9C7A-92F12FB2326C,-40.221752,-124.899871,1999-01-23,218473774.12,0.37274
E3D3484D-F519-4739-A058-A05CB4064134,-55.826407,-1.368035,1970-07-31,27438113.745,4
5C56BBE3-FED3-43E5-8133-B3AA70C1D953,-29.149856,149.484673,2011-07-19,43,164.846
094235B1-D8A4-43C0-BD60-8FD31EE07793,-36.442647,166.864811,1990-08-01,59.9,1.23
5EDAD48F-663C-4D1C-85BA-0260A456BD01,20.439802,71.985565,1980-06-01,101.2,4574832.4849947
C16E6D1F-6ED3-4270-85AF-1CEF6317B03A,21.113511,-60.753105,1978-07-19,1292,422108.7784
4384CE37-244F-497C-B435-C52E800CC067,21.123593,62.068141,2017-02-16,63232821,276354.093
FD49E24F-FEF8-4502-AC78-B333249B05FF,48.557741,-72.566568,1971-04-16,84710.132051,2
6604A7DD-67AF-4B98-B989-E73D3225E949,27.431713,-124.739434,1986-11-25,17672830.87654,8603732.5504838
DC7DEDDC-09E8-40DE-93B8-81D23BDF6788,39.417066,-37.807909,2013-07-11,528.5274,48066.65456
B908ED9A-2285-49BA-A420-E0C3EEFA5075,-43.736123,-40.376081,2016-09-10,6431.34,2328.296013504
116066A2-2BE0-4D57-9264-F082BDAE2743,-39.635832,60.409176,2001-09-27,29742096.9566,1234046
49561259-1FBE-48B2-BF6D-0B58DE916508,7.36631,109.572477,1978-11-12,3602.779523624,35.9844548
F9054F1B-3575-48D4-BFBB-8CE3A672FB57,-6.386358,144.180927,2020-01-02,48359,2471.271484409
C6F4ABFB-B9D8-430E-B636-7994D8632623,-10.676852,-174.630717,2004-06-30,393.44584,0
75BC72CC-5DD8-4059-B292-36DA25DCA91B,-48.696393,65.556214,1980-09-01,23.25981,2840741.0145008
42A50FB5-9C0E-4268-A2B5-11FF6DC6E7E0,-3.438085,-16.056544,2019-08-29,5453301.9,1235779.5
275F200F-7ED0-4F13-8222-BB9F00A67382,-12.715323,-96.169664,1997-06-22,3113199.776638,1944.968712
84EFC83C-A23D-4904-A3B0-77D7E6DBFB6F,-28.639152,151.866108,1972-06-09,4.33,116681.571299
D5C8B348-6E17-4EC3-9684-127791385CFA,33.10218,-146.620558,2007-07-12,3978442.62809,4892
E0004BAE-1F75-4ECF-8E36-1AD90E5ECFEF,17.709908,-165.026722,1972-05-02,0.465,618624.5710355
B82C78FE-1308-4F3D-A958-0399F7658360,-17.777935,177.528109,1998-07-16,1869.384601,44195
B70B5C84-29E7-4F82-9198-55E46848E78A,-84.431065,139.916617,1985-01-03,37274358.594973,60708099.2
D118D597-7EC4-403F-8E78-F10F6C4F0543,-43.571288,-97.170524,1992-12-01,1.27660315,51.74174
999F2100-EED8-41F4-B535-779949037FDD,-62.271765,55.709468,1991-12-22,48636148.46659,646
CC71331F-71CF-43D5-94DE-F69E35E778A9,7.448508,-22.013696,1984-04-23,7958951.232,772.588
CDD70568-FB58-494F-9CE3-0D53B8CBD668,-64.865222,77.717018,1994-10-10,3001779.117,1309726.6924113
60024DB3-AF40-486D-909A-6A69ECF63897,66.653621,-176.726047,2014-05-17,0.12727415,1137.63097
DB757142-1120-4039-B170-EC567FABA730,27.108503,166.909395,2008-07-13,9793.604752,293.3376373
9118566B-C11E-4E43-8694-FD3C22EA271F,78.560743,8.022622,2009-06-21,57.2,68571.471696
3621E2DD-07ED-409D-9FF7-7B611D49268C,75.885391,-126.71357,1992-07-27,19978,3560.090652
F88EA190-743E-40B4-A67D-B4A2D1A60E63,66.503613,174.766122,1998-12-27,371.10341,22556663.6
FF68897C-A620-4892-9246-49BCCB41E5E9,84.822008,80.646812,1977-08-26,65872.79628237,149120218.70894
C2FD18C6-4CD7-4838-9B79-F3CA8B11D7FA,-65.967622,94.979763,2007-11-14,394.787977209,40115.220414
C2A6E6A9-BA2C-4A33-8150-5840F0FE303F,7.307786,81.688541,2019-08-26,81518150.88967,1540526.55
39CC86CE-7539-449F-8D2A-75AD4AF05505,-25.683577,103.258503,1976-02-07,475.4,32
9EF8A5C9-33B1-474D-9508-006989B9B8F6,44.453713,124.564227,2017-02-20,28.955,147.6516358
2E02D181-87C8-44F9-A7D7-B13099870D71,-53.270824,-77.10006,2003-08-21,932374.43387843,6916959
BB21969E-762B-40DE-9F1C-AC80CBBAD28A,11.081098,87.4682,1973-10-31,76.33465,10695762.219
CCEC1889-B55B-427D-918D-E2FA460E1E91,36.264913,-92.233118,1982-06-29,7783072.360103,28933.49236
21EF3A3E-EB1F-45F5-8B9C-C044798ADFE2,-7.089332,38.93854,1977-07-11,2095,60.601
9C1553D3-7222-4444-AC88-6EDBE635F8A1,-3.075622,44.359079,1990-10-12,21,104.344746485
D55BF67E-9FB8-4804-84E8-B68B0ADB5EAC,50.217173,79.508219,2000-02-10,1.489,2.58761772
10A32F4D-50C1-4558-8520-4543C4789E3E,31.94699,138.718206,1975-09-22,46.467966,73239328.713094
EC2E0734-50A2-4DEF-9B58-8D827D49CCA9,-24.330377,-144.799767,1979-07-12,119942.9048,14.61029
0BE9DF11-0C75-497F-AE18-27738EA47FAD,-5.084827,-51.054966,2016-06-26,217.296804722,714615.95
31E31C80-416E-42CE-8E64-4887CBA93AE8,-0.017584,-29.616683,2006-08-27,810277.3408,460.03147
FB3AEA59-A175-43D3-8D42-4D1D70CDC2A4,25.388865,152.480525,1978-05-29,27.06844489,0.946901
7CEAD94A-5E9E-4269-A8A6-292031C48C5D,17.084875,89.80685,1996-03-20,5,39.7413117
E8F9CFBE-9663-4645-B41C-97EE029BEF77,72.675333,-77.484796,2018-11-26,7772179.3023816,21.284
113A936E-A529-4B07-B750-BE41E57780E0,0.954379,-90.667751,1977-09-27,74138934,22349143.98
8D3FBDB8-E99F-47F6-8078-30F3C34C0B98,27.444247,55.731019,1979-12-14,123548406.994,29
26170255-E441-4B90-855A-2EE3A1F90564,-67.937635,156.269642,2022-12-09,2.89452,1398989
DA65A929-96A9-4143-8609-92F1B3DC83EA,53.427224,-139.339426,2014-03-19,23970952,62294625.381239
8972C722-0B46-4FB5-B80C-61BF8EA80597,-30.987584,-89.785069,2022-04-07,30929451.344141,819604.293892
7408E96A-7769-4A50-B68F-DCDCD9A9B71F,-80.247929,104.0919,2008-02-17,32804778.25621,750.543149
9DE28A70-BCE6-4B50-9C83-C2583DB718D1,-40.399931,116.806669,2015-07-14,15.64165,492.5503
1A03C917-B378-4B7B-8949-F9DE66F2A5CA,82.75892,-110.628844,2021-09-26,14685485.54095,843605.94056371
3A7C69A1-9779-4310-B154-74D95EA44C6B,49.692779,-70.309793,2009-07-29,256.28,268984.4
7FE26654-97FC-4608-9D3E-17C2CAB9B9B2,-28.708189,13.030571,2010-02-15,3371336.287,88464.8746
7A2C321F-27D2-45ED-A499-9CCE74A77AEA,21.817871,-47.136536,2022-07-26,211,162725
4488D24A-653B-4475-A1A4-7C25D48FDB65,-76.663378,125.972504,2004-12-14,99128,269160348.3702
73D93A8B-62A5-473D-8F52-88E41E332C8F,88.590854,5.086824,2015-01-07,0.56,2158361.49
0A325212-9232-4BC3-A063-B8AC4C3D9D85,-28.3424,135.976707,1991-11-10,1038566.1489388,35756
8861F620-E301-499C-B3B5-63A36182CFDE,-30.11704,-55.170636,2012-11-10,328384895.77,275072.4
8C6DC348-5AD1-445B-80E8-761D45993D0D,-56.706233,-22.492472,2001-07-18,332667607,1476.160092177
72FD25B6-5987-4C2C-B63F-A397CD4FCEF2,76.181091,-97.309081,2016-01-08,7108235.387128,3857791.9
AA8B08C0-0DE9-42E4-93E8-00F5F75CB37A,47.324849,121.801945,2009-08-09,442373.63989,3110.60601
8418FBBA-CCA0-4217-8D8B-C720C1451E8D,72.333278,19.882961,1970-06-14,117168.7,153384658.77593
44A8F123-D8E7-4CFD-A2AD-11BCAAC8FBA2,48.071094,11.089548,1995-06-11,519525702.07073,51340
ECACF305-77D6-4B9A-8DFF-C0362D37AE6A,68.655688,33.357813,1977-09-08,107949.1,157334.282634
F2613001-7C06-4A3A-B6A3-2F5A4516E536,-70.846663,162.5231,1996-10-17,386.73266827,149527.03686
77DB80F3-1A76-4641-95A3-A1DFE1C758AF,-54.517096,-45.211136,2017-04-29,6689489,64165486.654471
132CD68A-7368-4D34-81C1-FB02BC2D7092,-43.903219,55.296402,2012-04-01,4.5,115
0187216C-732F-4342-8DD9-DC190E674C38,-67.547814,-79.287189,2008-10-31,41.319521485,278561147.83
81241072-F615-4A7F-8D4E-EC59A8D01DEB,-53.901742,-6.71634,1987-03-04,47.64718,205520476.48126
37472CEF-CAB7-4177-8D81-81A53C742E9F,9.593549,-90.674342,1990-12-09,44947984.98,15310617.430668
CFEE211D-097F-4C76-990F-4ECF81166B17,47.625581,154.361608,2014-02-06,1746.895344,444.8343
9AEFC480-DA15-4AB6-AE18-3F3215872644,-4.984558,33.688444,1997-09-17,16453990.8355,416417.4282007
5C2D1B91-47D1-43DD-880B-9CC26CC2301B,-25.327677,-140.361514,1993-01-23,12389727.172,7
7C648329-2E26-41F0-AF66-BF9AA2198162,58.294999,99.559354,2011-04-24,1.65242,2594.0669
7601248D-535D-4110-9FB8-6B5303161BFC,17.287034,41.480891,2001-03-01,4.565609558,217.776328
F92E659C-9F21-4E8C-9A55-1D1A0F806795,20.05341,123.832504,2019-02-09,320330.55626141,3432.7
E58C9ECF-B931-4C7E-915E-D17E80250361,-10.854636,-106.851246,1992-12-29,4108.22687332,0.0114864
927D45EF-2CA9-47D4-ABD2-7AAC0565E86C,-5.079155,178.273188,1973-02-14,8614.71735138,4
65C64F26-3B8C-478D-ADEA-E8B94A48B780,18.385878,-130.436604,2015-09-09,2.3,5260.994619
49125E66-1A4A-45EA-A209-F2DDD281EB86,41.860771,-84.10733,2008-07-01,8.117,169.82718725
D64D2744-4000-4080-AA73-4F726DBE3916,-49.909293,65.886133,1997-04-12,77,1.991382
5F80C92E-C082-4C3D-B9E0-CE1B6E180A81,18.223797,100.866752,2013-12-01,19103558.940574,824
D4AD8037-D08E-4658-BC11-D21FC50534D0,-52.775942,25.255924,2018-09-13,52696392.47656,6.094
506D2EE1-5DB3-4FDB-881C-E640D200AAC7,5.539029,-165.566726,1978-01-08,3271911.5474389,224163462.21
70348957-1287-43CB-9864-1CED75F3AA67,29.234867,-66.219982,1974-06-20,466.81457399,555787
ACB5B683-4BCA-4EDB-8230-9CBAFD31CE48,78.440217,-78.89942,2018-03-31,115.63285,7149704.251
D044D45F-FE14-428A-8FD4-D518BE5EE951,-73.869397,0.17739,2020-12-07,119099545.62378,21427780.408868
C9C76F47-8348-449A-AAA3-749E6DF3DB24,-38.22114,-14.882529,1973-04-26,22475691.045465,1.79
B66AD38E-4011-4160-9067-2892180D6F9E,1.592607,-48.772918,2017-07-23,5558.457,571.084976265
0C1DA44D-5DAB-4DF4-AF59-452BC6A86162,-7.916985,163.583148,2006-08-25,523728888.987,62338810.9
52594C07-4004-4511-AEF7-3FF5E230AC41,-58.589149,-105.53022,2022-12-04,4.4582215,7173
3DA31DE5-B7F0-4DC5-BCC0-CB7BC828D3E8,-18.375787,39.973278,1997-08-25,3437933.391805,13090.2
3E033943-363C-401D-913E-B36B8E202CE1,-4.241823,74.958589,2005-07-31,198.751682322,732189.1
F4751FD2-0DF8-4638-A1D5-E0D275031F0B,14.902758,-77.859526,2016-02-21,3752.66522,483563130.39608
C38E3E01-69E8-41D6-9351-84A950752798,39.372884,110.234342,2017-06-19,1.9764947,5.986348
EE089C0A-29BE-4787-9E11-A201EFFFBFD0,-85.689251,-6.256469,1984-05-14,6044.42356,3.3
9E92E3A1-47E4-4E24-982D-EBC478435FDE,72.725332,-171.627088,2011-07-13,0.234150243,9
8259F99E-FFBA-496D-B227-595F467FA90F,-45.569443,-75.07891,2014-06-26,79.497383837,19.135407
4A9089A3-5249-4762-86BD-9FD2FD145966,22.211689,90.186078,1985-04-14,50467924.33,215.28895
A803E027-8FD6-4FBF-AF7C-B013266D9F3A,5.688065,-41.794674,1992-08-24,402667.72658021,0.126166
A9C59D27-9093-4A4C-A410-CA626DC06B70,-80.145716,155.898863,2022-05-02,776.07091,70642488.26027
401090A4-2079-4AD6-8602-CDD2737DA44B,39.308898,-4.813169,2018-02-01,564694580.37262,2462.24521096
F58F3C36-1107-479A-AF8F-1557DCC85252,-31.770354,-113.799704,2020-07-03,774859.32,367.57520272
662B2964-9A1F-4357-9DCC-5A65208913A1,-11.377613,109.173974,1971-08-22,2917.0801,474.3174031
915450A1-F443-4C5C-A1CE-E3759AE5922E,-85.243942,-172.282866,2010-05-27,12482.113,4.531324
5E06ADAF-077C-402D-B89B-A69A9417625A,46.237405,48.032768,1986-10-21,359343.35112861,17506.5446539
6555F18A-9558-4FD1-8823-02996CA3EF4D,-49.492465,-132.87763,1996-07-15,6.51,3.964677
EC860E13-5458-4176-92AE-86EAB4CDE615,-41.593119,111.666923,2001-06-03,36459,33551008
1F0C73EA-6BFC-40FD-B8B9-BB6551EA0D08,84.799676,-175.337679,1978-11-29,34179222.820883,2041384.3732
C32CF0A8-6317-4EEC-A567-13C282D8C71D,58.254526,-101.415884,2021-05-12,4212,208562.5744
385BCE1F-0756-4BF7-BABD-DCD7F2A5FC53,-33.937379,8.644906,2017-06-10,424.99,1876085.3638964
E7C6FF74-5973-4457-994E-5262F9C7DD31,38.460309,-135.421609,2021-04-07,1.3,57274.33
0987D975-E915-4C20-AEE6-844BCE161CBC,26.66194,160.62361,2010-08-11,39103015.528132,399708.85828074
87324DDA-57AC-4FE0-9B5A-68762D26F0A1,56.040583,-40.85598,1970-02-03,66.0366344,6.3978922
0349C106-677D-4639-AFB8-C543CFFE8A13,59.593453,-161.493597,1970-09-30,20993445.48,7624742.549638
38854326-8B07-4117-ACA0-7394EDFDEE3E,-9.551619,90.756726,1998-12-02,619144.9,58907539
2918828E-7103-4828-A905-E6F8AAB9E93B,25.163903,-27.578675,1998-01-26,855274260,574132751.724
B5B2E891-9423-4CB0-9D58-91B9FD844EF9,61.657176,157.285882,1987-03-24,383.898225,0.903
2C6BD1DA-D3E9-45DA-889A-E345670D6AD9,10.104587,-13.755993,1994-07-14,73.91,29.41750855
22700C54-088B-4731-8D90-F2A6A2DB54EE,54.835988,91.166484,2017-03-26,71874527.290699,112105358.523
1A9207A2-12FC-43AE-9828-4123DCE0415A,47.245315,-100.67331,1971-09-30,403420,57503.1
DC68C4E2-314B-418D-8C5C-34D9CD97262E,58.907629,134.278964,2007-02-21,500675.0349829,16720.03
61225982-7B89-4843-A8B6-2F23192D49EE,-30.021678,-40.677021,1980-10-22,1.46528,331761.6
0A0F089C-8988-42FE-8094-DBA14A20779E,2.297612,-159.382297,2010-11-21,33.5514,314.89970628
B70267FD-F8BB-4F17-9625-303E5E737C5B,-13.025798,167.712135,1984-11-24,387399.8180367,5914.778538344
232AC840-28CC-4C1C-A73F-C114FEB112A3,-66.858567,-9.519959,2010-12-30,2.585552,776646
E80CA942-21AE-456A-B951-3D7AF0019823,-34.406771,146.34532,2007-07-18,1092048.4465313,14105831.749
A66F52E9-9E3D-475E-B395-594217869110,-74.603933,-13.523931,1979-03-09,47,16
024AEEDC-BE48-4299-9C55-F8E35BB42130,-74.285906,-160.400704,2009-08-27,145688333.042,15815.5186957
1E492BE2-34AF-4C69-9612-4A562ECF06CC,-12.51239,103.638604,2002-10-19,1013363.53,0
85D0B13E-2643-4DBC-8787-B157CC4D9BA6,65.362138,87.218916,1993-11-25,15,147345018.066
DF95B459-C568-40C5-A541-1D5822AFEEC5,-33.889157,93.456144,1977-02-23,521.4,3078.979124926
1DBBB614-B0AE-4B16-A665-42641B374DA7,-80.205386,139.742007,1989-01-27,481.54251658,91.02334
9D9C43A0-884B-4DE3-B7DD-8C24557173BD,-24.596184,-178.509713,1973-07-03,5204.549887,887410.0022405
F8DA0C1C-B35B-41A8-AAE1-61B3FBF8B13F,73.685501,-39.65615,2019-02-09,65146.93565705,4.818110953
5BA50F89-D0CF-4229-8FEE-02E667F2E6F3,-2.867334,-121.47327,2010-07-30,1.93758,633900.25933508
EA9214E8-385A-4E48-9E6E-C71C949B5DCE,-88.961882,-130.560723,1972-09-30,6580358.221262,47.073
4A82736A-93CD-4E87-B8A5-3CD10766EEC8,-29.941469,-67.226587,1999-05-10,0,6027.177041
7644DC69-285C-471D-874B-FA323585EE0B,-18.609461,-100.349712,1977-10-08,22664563.638241,44256918.7275
F14259A4-142A-42F2-9FD4-CF2DB65CEE32,49.31951,144.824889,1995-09-25,74693.44355834,460927281.324
B47DF4ED-C324-45B6-923D-B09567F9EC0C,11.835267,-154.892099,2017-12-26,892144.5257441,804046.9392121
9CADDD33-2FED-4364-B202-A829AC4251C6,-20.25002,-153.316528,1977-12-06,8357,9543531.82
A87C5B5B-019D-4AB3-9426-299A0B4DFCA5,-20.684802,-138.865306,1992-01-14,285415.3691048,708572.65875
6A34E2C0-6436-40FF-A4EF-827F971C4AE9,44.001802,133.597452,2002-01-08,2408424.004,61834070.331317
784CB84F-E273-4BD8-A34A-8051DAD98318,-81.608626,-84.138803,2018-09-10,100464.74761608,12374749.4
F25F818E-C5B3-441B-8388-590F86800E2F,-88.044446,22.135267,1987-07-05,30.0511,1.212
A745599D-1E7C-4D1F-A2CD-457D6295420B,76.022035,162.559078,2003-06-04,23.805488448,6220338.5955281
B43BB3AB-BC86-47F5-AE08-1A5BC8330C9E,-48.050116,-62.325461,2001-08-26,959.985,169.97866939
26CD85DB-2C22-4254-857C-96E3F8E669DD,-23.417283,123.621179,1972-07-25,82705.07497,55582.01
FC0AD7B4-E734-4E23-994A-249CF97BB3E8,-39.08806,-104.519201,1980-06-06,44.20941704,3.1696096
430D3098-E067-4E13-A78E-A688EBE998B6,-40.927765,-11.346527,1993-02-25,51316.55860994,162099123.37194
B93E3AAF-EC3F-4B81-8B21-79A2B27C2A1B,2.931176,-62.29636,1974-03-22,447.1824,2594
EA290FF8-D812-41B3-B084-759D3E504FA2,-60.614955,34.745375,1973-01-19,49033008.08,25548370.9
25729616-5DA4-471C-BCC8-1730F02AB129,-6.25633,18.515249,1997-06-17,8260197.218544,20923.9059889
BE358488-9526-4A5C-AA11-7004B9AB670B,60.741404,-143.181547,1999-07-12,777092.02116173,35269328.71
BE686841-9722-45EE-BC2D-B301043F3ED9,-62.0439,67.21997,1989-02-16,11858.7646786,2587455.587
5F3D7C56-EB20-4753-B3A4-B051899A42BD,-68.268007,-112.124168,2007-11-14,18628675.337412,18436079.030884
CDD5BC6A-8084-4E8D-9ABE-99A2DA235F69,-30.091499,0.441562,2012-06-18,128997.82176724,511.1014
6B1B09A7-45D7-46FD-9099-AD50BF3F5D31,-55.645629,-105.553923,1999-04-09,331509.8012,2327.914906053
AB122CC5-CD99-49FC-870D-B0A0F6972496,-39.897845,166.719302,1994-09-04,395.884,2642966.82536
01FFF3E5-C1B7-4355-99E7-FEA065ACCBED,-78.747256,174.504769,2001-04-23,18.370048892,13042529.076933
C58A822B-FC82-4255-BB3C-C18496717C9B,84.071814,-99.182966,1972-05-01,30910192.44,649946.92592
B126CA47-A102-4BCF-BCB1-285E70258552,55.440272,73.192648,1999-05-07,6.685721,145999235.5
299E1BCF-B774-4527-90B6-4849EAB8AA70,85.675896,-52.912448,1988-07-12,1.261301774,8047.908871575
BB0788AE-D31B-4DDF-A66F-F53301974AAF,50.859353,-40.746112,2016-07-09,0,71996.2
2360F8C7-2B73-46E8-B8C2-34FE6124E553,-53.837309,-79.378605,2009-08-12,29703592.93,87938405.1
2AAA7394-2679-46CA-936B-1E7CA1213DDC,24.990893,101.169768,1979-07-19,0,1471.105752
3A451477-AA70-482C-B419-2A4FE84D91C6,14.796298,69.721866,2017-12-16,391.80391,476044735.51
B416EDAA-ADE0-4598-9AAC-E5F229D77200,78.260424,-71.601449,1988-10-07,9630560,25009.702422
6C605C35-E8D5-4ACB-A69C-AFE2A6E7266E,11.271894,95.296877,1989-11-20,12713.791,613373.3664
A456EDA0-157B-4D9F-8F9D-0520B5EDDFF6,-33.280229,59.372575,2022-06-22,68678.8992,3.070597
161682D8-425A-4FE9-A42E-AB1D195944AB,-53.437879,-43.034417,1980-04-09,0.1681,2162.2
85D85D67-6655-4197-8E4A-9464B1852212,38.988197,135.816029,2000-02-27,59629890.48,358.3
0C13DF86-D8B0-4FC6-85C6-432273486850,-22.977823,77.142609,2003-05-14,387.418505186,23027.3324
5E3BC2C8-1879-4BCD-8B4C-C5B7EA643997,-71.998079,52.101438,1993-10-31,5.46,0.178
3CEE84F5-A97C-4ED9-87DB-9CDA885B1413,6.278879,103.292346,1998-05-16,226482.422,654
BE3312A6-26A1-4BDB-99EE-99C855454D4C,31.504118,-178.857196,2008-02-09,5.8457,14.44
B55BD29B-1D59-49E8-8884-5825C915CF05,-69.196026,93.885369,1983-07-26,3.047675264,8497.19
80038111-8BD4-4D2E-8762-E138EB085118,3.356872,11.089853,1995-01-27,2.783674,12128531.82
5450B135-2422-4F1B-AFC1-69162DAE7C21,-68.704137,-17.07848,1998-04-10,5043.52,33.581732
986C9D07-F2A5-40C3-8A1D-014A18510D8A,22.069389,100.631033,1990-08-26,10.472033003,1137735.6556
7777F72A-F6F3-49E8-BF8E-D4F8FB265110,66.60553,142.008899,1991-12-04,0.8,257901.629
095CC513-8D1F-49E5-AF1A-42EE25BE8FA5,-82.277669,95.534503,2008-04-02,505621.30408699,464907.98592398
BA50AEA5-67E8-4BBA-B1D5-D431CBE68E67,17.699967,40.260567,2003-02-14,3.2346,5443.766003
D077B1F2-44CF-44EC-B16F-D19951AA9080,-69.605355,24.837692,1976-04-14,21,91465123.6852
D3002A7D-E206-4DD4-92B5-90B0EA6CF0E3,-29.428368,-135.243848,1989-12-14,164343.9319,427704.1203
A8CDD533-BE2D-44D5-9DDC-70B8516ECD51,-46.545152,78.326177,2008-07-08,2143810,433604.6502775
AE857D75-6B65-41F9-BCCE-9B35C95D1FBF,43.69805,44.890635,1998-04-25,924621.009,14.238881
C7FEAEF7-069D-43E7-877C-450C2ADA5616,40.045213,6.75833,1985-06-06,711,46.77796
86847EE8-425B-4471-A927-B514A83AC4D4,37.934687,-20.722823,1995-03-21,918107.97,1.597
52209C31-093B-4C03-BE34-A5663DBF0AAA,65.665238,-40.54542,1981-03-26,3,3594566.9825935
F4155908-0EBE-4A6A-AA34-7776C264F7E3,-18.142099,-46.647884,2015-12-01,163855.65808164,5.3
E7A9155F-0FEB-43A4-9B8A-3905D2B6ADC7,-52.717111,136.432166,2007-11-27,2.151,76849.77
D70C5D3B-DB4D-4D04-B86B-B8967159BAFB,10.048127,-88.386645,1981-07-21,0.9613,314101.21973111
6D30D5F8-5E58-4AF0-9B0E-C8EED9E855E3,26.231157,41.694076,1997-02-27,7725.702394,361969.651
779C0674-6EA9-412E-8F1C-50556C11C315,-72.932663,-92.75132,1989-07-01,428.924528,564249.43627104
7C786835-7C0E-4B52-897D-D3462960D846,-8.372336,15.281683,2015-11-24,22.256939054,413578.8
D03EA038-4664-419E-89E0-C28184C3DD49,74.891605,-47.493856,2015-10-22,19.279,0.09462219
A00F32AD-72C7-41A1-B1CA-97BCFDD3FD30,-26.678522,-101.488205,2016-08-22,2713625,2835.87953377
AE1EDFB5-C8D8-4E66-8763-0154EBA9EA03,6.590302,13.456098,1989-09-07,930183.85861531,10943094.951
67957F08-5F8F-4F20-88BD-B7E0D4E0A5D7,-24.487703,10.505885,2014-12-07,4.13,22710112.5
E958F70F-544D-4195-9D11-FC28BC127F2C,-81.693911,-81.008084,2003-12-15,958537.91889,2151.825
F1A12BDA-6C71-4830-897E-777A95CAFB21,-11.459154,-94.425979,1971-04-21,0.3601294,24.3334272
62845AF2-859D-4FB2-BE1D-34EE65DCF237,87.614597,-59.663124,1980-05-22,2.91,232.105293
0B11F818-4273-4315-A9C2-9A7529B2E866,80.202287,-126.343078,2005-03-07,17.7132245,340357261.2
5E61FF85-C5D3-4207-8E3D-9295E1F65F55,82.518446,41.374767,1977-11-23,0.76,1126877.571
A619D0AD-BF68-4476-9AC2-99D4F7146896,-74.327816,-94.790249,1997-08-20,69533.2,43.8
8039BA8A-ADF6-4C5E-8580-18990839B230,-84.529592,128.481125,2022-10-19,18882.14,12453
1184A6BB-CBCD-4042-9AD8-7813BD18F85E,-23.828208,-153.056086,1984-01-13,189655.8701,13672.5744138
01B8EC95-9534-446C-963C-A7708A330211,71.060456,113.74237,1986-01-05,277.488273,4263632.7310275
09A4C737-ACE0-4D78-81E9-F5C4CB026918,-40.030964,104.546382,1989-08-02,198966.72954535,59.9431023
61F59813-253B-4F87-94C4-0965CD3CDC08,-84.699992,-140.389525,1999-05-29,210.9304519,2792.96
B6F1484B-4822-4E5E-A90C-6C98233DB3AE,-9.223742,161.504978,2009-07-05,4.69575774,816028475.834
27178563-DC06-4F1F-893C-C83F19C5C999,67.434144,51.263796,1991-12-06,509.44819,1504343.929
41BC2D3C-4E8D-49D1-8E15-2F9F596E60C3,-48.931545,126.03106,2000-06-14,153542970.6414,61.9452
D4FF7794-25BB-4629-9513-E0AC09D1AE04,-61.524881,-153.890715,1987-10-22,2.449,1.21501877
4334882F-B55B-4435-B6E7-36B6091B310E,74.691309,166.956368,1979-07-27,194774577.003,1.8
4F2EF693-BEC3-401A-94D3-378F8E1DDE52,-27.873296,-18.215495,1988-08-14,4327999.3570863,1528.9405
FC35C5B2-DA0F-451B-8C0A-9022B46A9D8C,-78.891526,135.660212,1981-03-02,689.76780339,257817.03842
DFE5A586-6F0F-44EC-A119-7C690109FA3C,18.417335,28.504361,2011-06-06,83.7,122.669451
026700AC-FC6A-4A33-A25E-E6902EA46770,33.232799,-163.136865,2021-04-25,19.6,329256.89
41720547-6B00-4278-9AAD-A8B584585A79,-17.00451,-158.231849,2014-05-20,6.161979,8.31000909
79D8EBFE-2BB1-43D4-87A1-3DB6E9E89869,-44.923841,-146.356934,1978-09-01,417734925.713,15573.2014773
C3E2B58B-1911-4F21-BF72-6EA49C318A53,-75.326897,77.228143,1974-06-17,24.8,207.5261189
5AA931BE-7BCA-4531-874C-E632DE64083E,-75.99958,-166.669233,1972-03-14,697.25,6259.2
38CF5C47-7038-4069-8551-307C37AAF372,82.306507,34.722224,1995-08-08,3699569.3,48.813688
ADC96BCB-D519-4354-B427-CF2D813616D6,73.626519,-72.962725,2012-08-09,167.1,406.03
EB880D7C-EF33-4FCE-A72A-E0B11786C692,15.014511,-154.022909,2007-05-25,22038979.222,14239290.25015
5450D361-035B-405A-B68A-008A27972C6D,-29.138905,92.092417,2001-10-01,1.324,132.6963727
BA4795E2-4EB7-4214-9A40-3E628C4657B8,-79.43192,44.714713,1995-06-30,4,56.5347383
1EEDDEFB-F284-4489-8E43-FC4501E2100A,-30.33529,67.257652,1992-06-28,16982.88234639,5808.5519418
382DC15E-47B3-4BDD-AF0B-41C05C7582E6,-52.864625,-85.194807,1975-06-16,4.8,286035.51104771
E414865B-5E2D-4F93-A835-70D29A736600,-51.658282,42.638624,1982-05-18,806.656,95.2
6A137D42-9618-40CC-89A5-060244674745,-56.2921,-179.397399,1996-04-01,154022.08,352046633.0143
FB43A286-8737-463F-919C-1B3A25023A18,50.174816,34.526159,1989-10-05,70.8457,4.06
A75D6DA3-B8A4-4497-93B9-102C6D98AF27,-54.249137,11.309848,1987-12-16,7393378.96054,830218.72825169
8E8978AE-0A04-4DF0-BF3B-248CB8580109,77.708842,-111.446459,2019-06-19,128246690.8131,5212851
C6D5E053-72B8-4421-9C85-A13606710AC6,-5.19618,-166.819104,2015-04-09,44.6599,5.90813192
B5D7B7D2-09EC-4936-BBB0-9515634B1B13,10.076719,-177.958846,2005-12-17,711.182,614513.4522173
CAFCEB7D-BB1A-457C-ADE9-6E5A464F0BB9,-41.454242,-178.534207,2017-03-01,2130,34.04076853
6D237398-8EC6-4943-8867-CC4FE0489233,23.25823,-157.284537,2002-03-12,10.792438,0
263E3420-3E3C-4BC1-9DAF-92B1EA8DAC76,-4.567642,-40.328486,1994-02-10,953054.2549423,9657841.15
E5D3A61D-4139-4910-84B1-E488F0CE1194,20.061077,-14.084972,1996-04-28,0.28241,24855.369
119C3101-FB22-490C-B716-9F233E722D9A,-12.322122,-121.347562,1977-02-16,200325.34377366,268.06341
BB9E05A1-BA14-4701-8FE5-2EF8247B584E,85.89235,-149.451531,1974-04-01,3986829,1713312.4891345
622842B6-1B5E-4105-9E7C-EE26EC9B840D,87.19732,139.618067,2021-08-08,285887231.078,90305
12163760-7210-4A54-9A09-8DABB0D89E9A,70.788454,-44.82557,2003-12-15,234067.05,18852429.57668
F3787D51-6FF0-4FE5-A425-44FDFA92BFA8,-46.988502,-123.212947,1977-09-28,8617.0880878,1514648.532055
48204074-AC59-4464-B649-EB15E8325847,-34.617839,146.010393,1987-11-30,3286625.5780514,3751766.06365
F0552396-CE88-4FF5-8D8A-8772FC672382,35.56689,-33.02313,2001-02-07,10527967.30874,3346845.348
1B0AE206-6828-4943-92C8-E4DBF91AA2A6,49.253016,-119.840418,2005-06-08,32709.27351357,5062712.65
0EDCCF85-25B9-446D-86F5-C156E50A9788,32.558874,178.701548,2004-09-22,6675,63.372
08F06BDD-B16F-4FD4-BE57-2D8472F1B59F,7.993568,-171.024585,2017-07-21,97.24,8172.75
0C12BA60-7616-47C3-AB07-ECD66518688C,70.715817,169.788929,2023-02-23,733.6868153,2.61238273
CACE7AA1-27B8-446D-97DD-F7D6E81E9685,66.723733,167.931287,1997-07-06,156029431.71,952038.4434
8D194D8B-517D-42D6-B29F-F187557EA465,78.057488,-173.081017,1972-12-20,6.2318,20571936.12
70ACDE28-64E6-4229-A70E-386B18805942,39.129669,105.137963,2007-02-07,677923.077989,49.803520236
596ADDFE-1F06-47D3-AAD4-D65FAB65D2E6,42.737157,-74.893455,2004-02-07,8.1332,340330601.8
94665C81-B535-489A-96BF-76DE45CEEEFF,-21.34007,-46.226342,1970-07-07,8121172.4099,55612136.148338
59601ED5-43CB-47FB-A6E8-6A3D1145D38E,-67.305394,-1.354012,2014-02-23,520315.368319,44355.8
61215657-5943-4422-9FC4-10FC97393141,-58.656154,72.374155,2007-11-20,7.463,581.886138
61DA93C2-81D9-4174-8DEA-23A23E289A1A,-68.046521,134.113301,1976-09-30,1062527.112,478.62030607
55526E17-3280-4E6E-AB8E-3696B5A79474,-19.922336,35.929894,1980-10-10,55814898.927827,31.060436
F693400B-1D2B-46B6-ACCA-CB3368909FDA,-28.573665,-139.631172,1972-06-28,14.7549597,65540.444946077
7ACB8665-8331-4825-ACBF-7E0F16083FFE,-18.453767,2.216217,2006-06-02,612.9994,3.89152
B545658A-F074-4DFB-B74D-C15947B5A8FA,-66.937521,63.264566,1980-11-19,193064505.77026,551164333.5617
BBA69499-955E-4617-AB85-3D948C572E53,-6.125842,55.143582,1996-12-25,956075.049953,543621.17597
026E0134-EBA5-4535-AF09-7D9E7DFABF74,-18.540521,-60.518659,2020-07-05,6491.89,390172.3
78459490-55D9-450B-AA2B-3A4C276F1C30,-23.312649,-136.09568,1996-06-03,354.1613,4786169.638
37159358-4946-4A33-858A-1CF04326F29B,18.258611,60.133801,2006-12-04,65.7359,1.6
CF767F52-3A87-418F-990C-1835124F93FF,-5.014291,131.035059,2002-07-18,4.2169,299.2
D39557A2-2F75-4D45-BA53-D494D37E36EF,-53.512607,-17.396113,2005-05-19,1314.38,1.4655
D22750FC-FFA9-4D31-847B-423F8CD7FD5F,71.303932,-105.993106,2011-10-12,200.94692645,8630.33
4A1A1276-3886-4923-BB23-25826F8C2999,-18.809569,-38.968752,1978-02-20,60.9750029,6923656
00141B10-8A31-4AF0-9C52-976AC6FA5A11,-30.893529,-123.118072,1990-09-04,507937283.034,480566.99
3C8FFD0A-0035-42B6-BFD1-CF7E73641D42,-19.707244,-81.948426,2018-06-01,485860802.63,30590972.538316
F34FFF46-DFD5-4F2C-9B96-00D11A4A69CF,43.250379,-89.944523,1991-10-26,2.0067,5
1E937E2D-0038-45D6-AAC2-9D120029F315,7.44798,85.656335,2013-01-17,1.584,0.7810413
F6F655BD-8DF5-4680-B9C7-2E13260CA973,31.107101,-101.389392,1998-09-02,445835.57555,39535
43BF5D45-2D97-430F-B105-62BC6D5207B1,-4.011806,21.342359,1983-03-01,21.41421,40881240.611698
A61BCBF9-3877-48FC-8B48-FB5A1CE80118,34.077182,-22.216558,2000-08-24,337.53,2911716
8B20CA90-D66B-4621-AC0D-15359D934C82,-19.056708,165.093822,2013-11-21,1.44649,29269.511681
CC2FA8C0-5715-4CBA-8ABD-EEED019A19DC,83.983968,-23.521717,2006-10-11,60333798.176257,72104.5583786
D7C21930-6E2B-4E02-A736-58672C9FCD34,30.674678,-23.712428,1971-07-28,157.6835228,68438417.943
D80C25F9-0663-4180-8780-A0ACDB5426FB,78.76409,-124.265669,1997-06-25,114069.09181,10928323.331038
145DF33C-998C-48CF-A41D-D01C29F8B89B,26.430974,-0.458716,2017-02-28,27.08296,321661.13325
0F281669-9513-454A-BA30-BBFDA3E77CD7,-45.319787,-44.679256,1992-06-08,805409,120055.14
558289F0-D204-4B6D-87FA-07F7D78DCEAF,-17.181288,122.254739,2014-04-14,27.281540462,204760.0176
0EF61E9F-0C1B-4ED3-BDCF-48D3161CEE0A,-57.145122,-101.871922,1982-09-14,89,38963381.855007
D097D220-1483-49A4-AC0B-DF37C162EB4A,85.278191,-82.004,1972-04-24,4.052,3291156
FB1AF86E-0630-4969-9C66-359D35FD4B41,-71.141225,-54.246773,1989-11-04,295.396514635,181483.9435
FB1FCD75-DC73-4184-A6D7-96D0EDDCC35F,26.832504,-31.556559,1986-06-14,2389803.0361,12882.78178
DDA2E4A5-C21D-4B0E-9CB2-143EE814B01F,80.127655,-116.279058,2014-02-19,4524605.22,0
223B211A-A5CE-4E33-A501-2CC0E2F147A1,-35.206981,124.928771,1977-01-15,14656570.40337,34
B31D3FDB-CED7-4A93-A20F-EA6A09A666E3,-42.91396,94.258658,2015-01-29,602.66,12.225409679
44C632A2-6724-4D60-A9B4-D466F6FED82D,-85.978262,-113.126635,2007-12-22,46725.08,1
0351D58C-B2AD-4FB8-A4F8-4B5C2C06E02A,71.57787,-50.35291,1996-04-22,65631485.8248,6.4
BDA1705E-4521-48E2-B0CB-EB6A1885E018,15.090899,152.708928,1995-08-20,14061.0506,57870893.651377
A604AEDF-D7E0-4CDD-BC0E-2F3F89815A08,-45.453487,172.190176,1986-06-20,85966.016,838536.682
D5ADEB09-C9F9-44EB-AD62-CB9F3AC305AA,32.022437,-7.500859,2010-08-04,870.634,107713.863296
DCDDC467-99ED-4524-B7CA-7425F3B1F99F,-62.365584,38.958144,2017-04-28,382967147,13856784.70244
767CA573-EA59-47BD-8D24-E3C32CF512A8,86.013117,119.165582,2020-05-23,4.04814023,52.69642
10635827-2E17-47AC-B595-E94322EF7727,-31.413608,-26.550371,1992-01-15,18832081.513,516.4244386
B00A90AB-2318-469A-AAC0-3B31B3425608,11.384386,-43.545789,1984-07-12,381825047.00389,8219.21942
26433292-70A6-4FCB-9803-96F9D0ADF67C,57.72757,164.938934,2016-12-15,6.221222,6193752.724441
FA1E26EC-78A3-4A2C-BABC-725259A4272F,30.181216,-28.675176,2022-03-01,73070.3858,845731.1261995
9899C5FD-8A8C-40A6-9DE0-C7146A80FAA0,-80.453769,172.715936,1975-05-30,47114.9,209780339.18217
47F38A27-3BD7-4CB1-BA31-B324B92B4CFE,-67.356478,78.469216,2021-06-03,373.3629,493214.1648673
DBF139FD-DED1-4ED7-AD3E-764B6301EBA1,-41.171045,90.649909,2020-03-12,599.45983313,159949629.12723
58EA17DB-7679-4A4C-BA98-0F50BE51B343,-69.272852,-7.590976,1982-04-16,32572.7,3619.41815
FE25DC55-26D7-486B-844A-70193813A358,60.491214,124.83324,1977-01-25,251.6,30530.4627095
EBFB90B8-40E5-4766-B717-BCFA9EB7844E,13.423452,74.479658,1980-09-10,45029116.178381,431.16
6FFC15BB-34A2-42C5-BAC4-01CC2F6C3CD4,-38.770891,-131.690873,1987-04-25,61185183.893,47665.694165
6B4B9DE6-6C95-42C9-8F2A-968799E6E191,-64.028585,3.891061,1983-12-17,2211.615,20.36
8B270D34-AFA3-4AA4-A368-957603CD6F7B,-79.44486,-26.354357,2005-08-18,103360.60515247,2.746
C10AD6E5-CAB8-4935-949A-A73822E789D4,-4.755294,-38.981726,1970-03-06,2257665.1,29564
F4A60326-3192-4C3B-AF3C-825C3A3A346C,65.92527,41.957109,1970-07-13,71726783.37244,53120027.787801
8542F908-491E-4AC9-8522-259657E9D762,-3.637846,29.192158,1976-02-06,7383.43,693929.89728862
14920E1A-F2CE-47ED-BB2A-06BA20CBC44E,-10.907632,-40.40451,2018-01-20,235643195,0
CE44C256-36E4-45B1-9736-49B416CDE0AA,-84.180304,-105.768767,1985-07-13,2708213.64257,6690.2396
CFA05328-D989-4D3E-8C16-4937EA86C27E,-16.670137,12.946202,1988-12-22,783715.378053,8891.31574226
D806E7E1-B518-4C00-9D8B-3E6A4C2776B2,-33.312803,-117.039259,1998-09-05,5233.83803091,6744
E165DC0E-7239-4B85-A7BC-C800A276819C,19.9541,-171.22134,2021-09-06,28597.084246,8.573029
1DB840FD-AB93-406A-BF3F-F54425BD02A1,79.078663,5.300966,1987-10-24,57257905.7733,191.3206757
03285285-5965-4FEE-B3BB-361442083EB8,-39.528093,-67.287208,1979-06-30,0.1,977098
5238FB56-446B-4A20-AF0B-A611B845A05F,-1.304617,131.776151,1978-04-10,55669407.138155,308.66
D217B61F-1295-45DE-8A27-649CF1E90C82,-76.701668,-63.365945,2007-10-08,5.82,3524722.5201
BE5629CF-CA62-4723-9581-ADC78DC0ECB8,68.411775,155.307562,1981-10-21,66317556.9,13.237699
2075C862-223D-4AAA-950B-ED52DBFD0C74,-74.961169,-15.42283,2009-09-09,109604908.11,3862925.748231
4243C8B6-871A-4DA8-8222-DBC4BB8EE9D5,-87.031124,-32.237843,2017-01-23,128573.852164,3190.48369
C4DB2F55-3A18-4514-B74A-0D8ECF45C82C,85.188477,-117.661275,2010-06-27,5502.926,8482
AA761414-D1D0-41FF-ACC5-FCF0CE4022D8,23.91803,-167.505794,2009-09-12,1.55,1.9
DA39521D-D71E-4A2F-B550-C76144B2E878,3.630452,-92.81575,2013-11-07,570871726.81112,7218091.01
A1754D82-4C51-4B12-BDE2-D8E64A546ECC,-8.849815,-4.164327,2016-07-25,41.6228,1947.3319422
3A2CC993-F778-4D57-851E-EE4B542F19CD,0.002545,148.190255,2003-11-20,70.96089,69911347.86
A4B87F3B-B700-4FF5-87AC-EC61C6FA7856,41.670887,-65.744639,1975-11-28,944114.0375,142694.3999
288E6EE2-2162-4C94-9FC6-4F9A1585FC79,-9.107032,22.228702,2018-01-22,2694716.1771365,294.81
6EFC64EA-9745-44B5-A935-B92FF3F71566,-19.343939,55.091401,2010-04-26,150,130321.093
9AD6E491-51F8-4ADC-8C2F-C10354C54E04,-10.712514,-12.793514,1988-02-24,255.8,20585.94
43372928-F09A-4B3A-AB5A-B05450EA99F3,3.978216,-157.3693,1974-05-02,54538869.364813,2.85
0CCAC1C0-627B-41EF-B812-3742F75389FC,-6.13862,38.026249,2017-08-07,41.76445151,1125904.398358
463C8EED-F064-4BEF-8F2E-4449AC855CDC,-70.618055,-154.166098,1982-09-04,66707.49786,23137557.729077